rank,raw_company_name,clean_company_name,display_company_name,company_name,symbol,resolved_tradingsymbol,kite_key,exchange,ipo_type,listing_date,ipo_price,ipo_price_status,ltp,listing_price,listing_price_status,current_price,price_data_status,listing_gain_pct,current_gain_pct,one_month_return_pct,three_month_return_pct,drawdown_from_52w_high_pct,gain_from_ipo_rs,issue_size,ipo_market_cap,market_cap,sector,theme,sector_score,value_score,quarterly_results_score,quarterly_results_rating,quarterly_results_coverage_pct,quarterly_results_explanation,lt_data_quality_score,lt_data_quality_status,lt_investment_score,lt_python_decision,lt_gpt_decision,lt_final_decision,lt_decision_confidence,lt_buy_zone,lt_allocation,lt_key_risk,lt_missing_evidence,lt_score,is_listed_verified,eligible_for_scoring,has_latest_financial_data,has_market_cap_data,has_valuation_data,has_shareholding_data,buy_zone_allowed,financial_data_status,symbol_resolution_confidence,symbol_resolution_status,symbol_resolution_pipeline,verification_status,isin_match_status,screener_url_status,liquidity_score,valuation_status,cash_flow_flag,governance_flag,action,suggested_buy_zone,suggested_allocation,data_quality_score,data_quality_status,risk_alerts,status_badge,status_class,screener_url,broker_url,source_url,_cache_fetched_at
1,Apsis Aerocom,Apsis Aerocom,Apsis Aerocom,Apsis Aerocom,APSISAERO,APSISAERO,,NSE,SME,₹153.00,110.0,OK,611.3,153.0,OK,611.3,OK,39.09,455.73,,,,501.3,₹110.00,,,N/A,Manufacturing capex,85.0,,,DATA UNAVAILABLE,0.0,"Quarterly score unavailable: revenue, EBITDA, and PAT growth are missing.",10.0,INSUFFICIENT_DATA,7.5,DATA_INSUFFICIENT,NOT_RUN,DATA_INSUFFICIENT,9.25,NOT_CALCULABLE,0.25%,SECURITY_IDENTITY_UNRESOLVED,identity; historical_market; annual_financials; quarterly_results; cash_flow; shareholding; valuation; business_disclosures; peer_data; market_cap; latest_annual_revenue; latest_annual_pat; latest_quarterly_results; debt; promoter_holding,,True,False,False,False,False,False,False,Financial Data Pending,100,SECURITY_MAP_SOURCE_VERIFIED,Clean company name: Apsis Aerocom -> Source symbol: missing/pending -> Security map clean company: Apsis Aerocom -> Security map: NSE APSISAERO -> Kite exact validation: pending (instrument_master_not_supplied),SOURCE_VERIFIED,MISSING,DIRECT_NSE,55.0,Valuation Data Pending,DATA PENDING,DATA PENDING,DATA PENDING,Wait for valuation + quarterly data,No order,50.0,DATA_GAP,Financial data pending; Market cap data pending; Valuation data pending; Shareholding data pending,Data Pending,watch,https://www.screener.in/company/APSISAERO/,https://kite.zerodha.com/quote/NSE/APSISAERO,https://www.ipoguru.in/sme-ipo-performance,2026-09-05T17:15:24
2,Millworks Technologies,Millworks Technologies,Millworks Technologies,Millworks Technologies,544826,544826,,BSE,SME,₹628.90,331.0,OK,1054.75,628.9,OK,1054.75,OK,90.0,218.66,,,,723.75,₹331.00,,,N/A,Manufacturing capex,85.0,,,DATA UNAVAILABLE,0.0,"Quarterly score unavailable: revenue, EBITDA, and PAT growth are missing.",10.0,INSUFFICIENT_DATA,7.5,DATA_INSUFFICIENT,NOT_RUN,DATA_INSUFFICIENT,9.25,NOT_CALCULABLE,0.25%,SECURITY_IDENTITY_UNRESOLVED,identity; historical_market; annual_financials; quarterly_results; cash_flow; shareholding; valuation; business_disclosures; peer_data; market_cap; latest_annual_revenue; latest_annual_pat; latest_quarterly_results; debt; promoter_holding,,True,False,False,False,False,False,False,Financial Data Pending,100,SECURITY_MAP_SOURCE_VERIFIED,Clean company name: Millworks Technologies -> Source symbol: missing/pending -> Security map clean company: Millworks Technologies -> Forbidden false matches protected: MACOBSTECH -> Security map: BSE 544826 -> Kite exact validation: pending (instrument_master_not_supplied),SOURCE_VERIFIED,MISSING,DIRECT_BSE,55.0,Valuation Data Pending,DATA PENDING,DATA PENDING,DATA PENDING,Wait for valuation + quarterly data,No order,50.0,DATA_GAP,Financial data pending; Market cap data pending; Valuation data pending; Shareholding data pending,Data Pending,watch,https://www.screener.in/company/544826/,https://kite.zerodha.com/quote/BSE/544826,https://www.ipoguru.in/sme-ipo-performance,2026-09-05T17:15:24
3,Indo SMC,Indo SMC,Indo SMC,Indo SMC,544681,544681,,BSE,SME,₹149.00,149.0,OK,473.5,149.0,OK,473.5,OK,0.0,217.79,,,,324.5,₹149.00,,,N/A,Manufacturing capex,85.0,,,DATA UNAVAILABLE,0.0,"Quarterly score unavailable: revenue, EBITDA, and PAT growth are missing.",10.0,INSUFFICIENT_DATA,7.5,DATA_INSUFFICIENT,NOT_RUN,DATA_INSUFFICIENT,9.25,NOT_CALCULABLE,0.25%,SECURITY_IDENTITY_UNRESOLVED,identity; historical_market; annual_financials; quarterly_results; cash_flow; shareholding; valuation; business_disclosures; peer_data; market_cap; latest_annual_revenue; latest_annual_pat; latest_quarterly_results; debt; promoter_holding,,True,False,False,False,False,False,False,Financial Data Pending,100,SECURITY_MAP_SOURCE_VERIFIED,Clean company name: Indo SMC -> Source symbol: missing/pending -> Security map clean company: Indo SMC -> Forbidden false matches protected: SMLMAH -> Security map: BSE 544681 -> Kite exact validation: pending (instrument_master_not_supplied),SOURCE_VERIFIED,MISSING,DIRECT_BSE,55.0,Valuation Data Pending,DATA PENDING,DATA PENDING,DATA PENDING,Wait for valuation + quarterly data,No order,50.0,DATA_GAP,Financial data pending; Market cap data pending; Valuation data pending; Shareholding data pending,Data Pending,watch,https://www.screener.in/company/544681/,https://kite.zerodha.com/quote/BSE/544681,https://www.ipoguru.in/sme-ipo-performance,2026-09-05T17:15:24
4,Tipco Engineering India,Tipco Engineering India,Tipco Engineering India,Tipco Engineering India,544740,544740,,BSE,SME,₹89.25,89.0,OK,281.3,89.25,OK,281.3,OK,0.28,216.07,,,,192.3,₹89.00,,,N/A,Manufacturing capex,85.0,,,DATA UNAVAILABLE,0.0,"Quarterly score unavailable: revenue, EBITDA, and PAT growth are missing.",10.0,INSUFFICIENT_DATA,7.5,DATA_INSUFFICIENT,NOT_RUN,DATA_INSUFFICIENT,9.25,NOT_CALCULABLE,0.25%,SECURITY_IDENTITY_UNRESOLVED,identity; historical_market; annual_financials; quarterly_results; cash_flow; shareholding; valuation; business_disclosures; peer_data; market_cap; latest_annual_revenue; latest_annual_pat; latest_quarterly_results; debt; promoter_holding,,True,False,False,False,False,False,False,Financial Data Pending,100,SECURITY_MAP_SOURCE_VERIFIED,Clean company name: Tipco Engineering India -> Source symbol: missing/pending -> Security map clean company: Tipco Engineering India -> Forbidden false matches protected: PITTIENG -> Security map: BSE 544740 -> Kite exact validation: pending (instrument_master_not_supplied),SOURCE_VERIFIED,MISSING,DIRECT_BSE,55.0,Valuation Data Pending,DATA PENDING,DATA PENDING,DATA PENDING,Wait for valuation + quarterly data,No order,50.0,DATA_GAP,Financial data pending; Market cap data pending; Valuation data pending; Shareholding data pending,Data Pending,watch,https://www.screener.in/company/544740/,https://kite.zerodha.com/quote/BSE/544740,https://www.ipoguru.in/sme-ipo-performance,2026-09-05T17:15:24
5,Vegorama Punjabi Angithi,Vegorama Punjabi Angithi,Vegorama Punjabi Angithi,Vegorama Punjabi Angithi,544765,544765,,BSE,SME,₹118.10,77.0,OK,223.1,118.1,OK,223.1,OK,53.38,189.74,,,,146.1,₹77.00,,,N/A,Manufacturing capex,85.0,,,DATA UNAVAILABLE,0.0,"Quarterly score unavailable: revenue, EBITDA, and PAT growth are missing.",10.0,INSUFFICIENT_DATA,7.5,DATA_INSUFFICIENT,NOT_RUN,DATA_INSUFFICIENT,9.25,NOT_CALCULABLE,0.25%,SECURITY_IDENTITY_UNRESOLVED,identity; historical_market; annual_financials; quarterly_results; cash_flow; shareholding; valuation; business_disclosures; peer_data; market_cap; latest_annual_revenue; latest_annual_pat; latest_quarterly_results; debt; promoter_holding,,True,False,False,False,False,False,False,Financial Data Pending,100,SECURITY_MAP_SOURCE_VERIFIED,Clean company name: Vegorama Punjabi Angithi -> Source symbol: missing/pending -> Security map clean company: Vegorama Punjabi Angithi -> Forbidden false matches protected: AGUL -> Security map: BSE 544765 -> Kite exact validation: pending (instrument_master_not_supplied),SOURCE_VERIFIED,MISSING,DIRECT_BSE,55.0,Valuation Data Pending,DATA PENDING,DATA PENDING,DATA PENDING,Wait for valuation + quarterly data,No order,50.0,DATA_GAP,Financial data pending; Market cap data pending; Valuation data pending; Shareholding data pending,Data Pending,watch,https://www.screener.in/company/544765/,https://kite.zerodha.com/quote/BSE/544765,https://www.ipoguru.in/sme-ipo-performance,2026-09-05T17:15:24
6,Vivid Electromech,Vivid Electromech,Vivid Electromech,Vivid Electromech,VIVIDEL,VIVIDEL,,NSE,SME,₹565.00,555.0,OK,1591.6,565.0,OK,1591.6,OK,1.8,186.77,,,,1036.6,₹555.00,,,N/A,Manufacturing capex,85.0,,,DATA UNAVAILABLE,0.0,"Quarterly score unavailable: revenue, EBITDA, and PAT growth are missing.",10.0,INSUFFICIENT_DATA,7.5,DATA_INSUFFICIENT,NOT_RUN,DATA_INSUFFICIENT,9.25,NOT_CALCULABLE,0.25%,SECURITY_IDENTITY_UNRESOLVED,identity; historical_market; annual_financials; quarterly_results; cash_flow; shareholding; valuation; business_disclosures; peer_data; market_cap; latest_annual_revenue; latest_annual_pat; latest_quarterly_results; debt; promoter_holding,,True,False,False,False,False,False,False,Financial Data Pending,100,SECURITY_MAP_SOURCE_VERIFIED,Clean company name: Vivid Electromech -> Source symbol: missing/pending -> Security map clean company: Vivid Electromech -> Security map: NSE VIVIDEL -> Kite exact validation: pending (instrument_master_not_supplied),SOURCE_VERIFIED,MISSING,DIRECT_NSE,63.0,Valuation Data Pending,DATA PENDING,DATA PENDING,DATA PENDING,Wait for valuation + quarterly data,No order,55.0,DATA_GAP,Financial data pending; Market cap data pending; Valuation data pending; Shareholding data pending,Data Pending,watch,https://www.screener.in/company/VIVIDEL/,https://kite.zerodha.com/quote/NSE/VIVIDEL,https://www.ipoguru.in/sme-ipo-performance,2026-09-05T17:15:24
7,Grover Jewells,Grover Jewells,Grover Jewells,Grover Jewells,GJL,GJL,,NSE,SME,₹96.00,88.0,OK,251.0,96.0,OK,251.0,OK,9.09,185.23,,,,163.0,₹88.00,,,N/A,Manufacturing capex,85.0,,,DATA UNAVAILABLE,0.0,"Quarterly score unavailable: revenue, EBITDA, and PAT growth are missing.",10.0,INSUFFICIENT_DATA,7.5,DATA_INSUFFICIENT,NOT_RUN,DATA_INSUFFICIENT,9.25,NOT_CALCULABLE,0.25%,SECURITY_IDENTITY_UNRESOLVED,identity; historical_market; annual_financials; quarterly_results; cash_flow; shareholding; valuation; business_disclosures; peer_data; market_cap; latest_annual_revenue; latest_annual_pat; latest_quarterly_results; debt; promoter_holding,,True,False,False,False,False,False,False,Financial Data Pending,100,SECURITY_MAP_SOURCE_VERIFIED,Clean company name: Grover Jewells -> Source symbol: missing/pending -> Security map clean company: Grover Jewells -> Security map: NSE GJL -> Kite exact validation: pending (instrument_master_not_supplied),SOURCE_VERIFIED,MISSING,DIRECT_NSE,55.0,Valuation Data Pending,DATA PENDING,DATA PENDING,DATA PENDING,Wait for valuation + quarterly data,No order,50.0,DATA_GAP,Financial data pending; Market cap data pending; Valuation data pending; Shareholding data pending,Data Pending,watch,https://www.screener.in/company/GJL/,https://kite.zerodha.com/quote/NSE/GJL,https://www.ipoguru.in/sme-ipo-performance,2026-09-05T17:15:24
8,Susan Electricals India,Susan Electricals India,Susan Electricals India,Susan Electricals India,544793,544793,,BSE,SME,₹170.00,127.0,OK,349.1,170.0,OK,349.1,OK,33.86,174.88,,,,222.1,₹127.00,,,N/A,Power & electrical infra,85.0,,,DATA UNAVAILABLE,0.0,"Quarterly score unavailable: revenue, EBITDA, and PAT growth are missing.",10.0,INSUFFICIENT_DATA,7.5,DATA_INSUFFICIENT,NOT_RUN,DATA_INSUFFICIENT,9.25,NOT_CALCULABLE,0.25%,SECURITY_IDENTITY_UNRESOLVED,identity; historical_market; annual_financials; quarterly_results; cash_flow; shareholding; valuation; business_disclosures; peer_data; market_cap; latest_annual_revenue; latest_annual_pat; latest_quarterly_results; debt; promoter_holding,,True,False,False,False,False,False,False,Financial Data Pending,100,SECURITY_MAP_SOURCE_VERIFIED,Clean company name: Susan Electricals India -> Source symbol: missing/pending -> Security map clean company: Susan Electricals India -> Forbidden false matches protected: RULKA -> Security map: BSE 544793 -> Kite exact validation: pending (instrument_master_not_supplied),SOURCE_VERIFIED,MISSING,DIRECT_BSE,55.0,Valuation Data Pending,DATA PENDING,DATA PENDING,DATA PENDING,Wait for valuation + quarterly data,No order,50.0,DATA_GAP,Financial data pending; Market cap data pending; Valuation data pending; Shareholding data pending,Data Pending,watch,https://www.screener.in/company/544793/,https://kite.zerodha.com/quote/BSE/544793,https://www.ipoguru.in/sme-ipo-performance,2026-09-05T17:15:24
9,Devson Catalyst,Devson Catalyst,Devson Catalyst,Devson Catalyst,544823,544823,,BSE,SME,₹196.15,118.0,OK,315.75,196.15,OK,315.75,OK,66.23,167.58,,,,197.75,₹118.00,,,N/A,Manufacturing capex,85.0,,,DATA UNAVAILABLE,0.0,"Quarterly score unavailable: revenue, EBITDA, and PAT growth are missing.",10.0,INSUFFICIENT_DATA,7.5,DATA_INSUFFICIENT,NOT_RUN,DATA_INSUFFICIENT,9.25,NOT_CALCULABLE,0.25%,SECURITY_IDENTITY_UNRESOLVED,identity; historical_market; annual_financials; quarterly_results; cash_flow; shareholding; valuation; business_disclosures; peer_data; market_cap; latest_annual_revenue; latest_annual_pat; latest_quarterly_results; debt; promoter_holding,,True,False,False,False,False,False,False,Financial Data Pending,100,SECURITY_MAP_SOURCE_VERIFIED,Clean company name: Devson Catalyst -> Source symbol: missing/pending -> Security map clean company: Devson Catalyst -> Forbidden false matches protected: AVL -> Security map: BSE 544823 -> Kite exact validation: pending (instrument_master_not_supplied),SOURCE_VERIFIED,MISSING,DIRECT_BSE,55.0,Valuation Data Pending,DATA PENDING,DATA PENDING,DATA PENDING,Wait for valuation + quarterly data,No order,50.0,DATA_GAP,Financial data pending; Market cap data pending; Valuation data pending; Shareholding data pending,Data Pending,watch,https://www.screener.in/company/544823/,https://kite.zerodha.com/quote/BSE/544823,https://www.ipoguru.in/sme-ipo-performance,2026-09-05T17:15:24
10,Avana Electrosystems,Avana Electrosystems,Avana Electrosystems,Avana Electrosystems,AVANA,AVANA,,NSE,SME,₹77.50,59.0,OK,154.75,77.5,OK,154.75,OK,31.36,162.29,,,,95.75,₹59.00,,,N/A,EMS/electronics,85.0,,,DATA UNAVAILABLE,0.0,"Quarterly score unavailable: revenue, EBITDA, and PAT growth are missing.",10.0,INSUFFICIENT_DATA,7.5,DATA_INSUFFICIENT,NOT_RUN,DATA_INSUFFICIENT,9.25,NOT_CALCULABLE,0.25%,SECURITY_IDENTITY_UNRESOLVED,identity; historical_market; annual_financials; quarterly_results; cash_flow; shareholding; valuation; business_disclosures; peer_data; market_cap; latest_annual_revenue; latest_annual_pat; latest_quarterly_results; debt; promoter_holding,,True,False,False,False,False,False,False,Financial Data Pending,100,SECURITY_MAP_SOURCE_VERIFIED,Clean company name: Avana Electrosystems -> Source symbol: missing/pending -> Security map clean company: Avana Electrosystems -> Security map: NSE AVANA -> Kite exact validation: pending (instrument_master_not_supplied),SOURCE_VERIFIED,MISSING,DIRECT_NSE,55.0,Valuation Data Pending,DATA PENDING,DATA PENDING,DATA PENDING,Wait for valuation + quarterly data,No order,50.0,DATA_GAP,Financial data pending; Market cap data pending; Valuation data pending; Shareholding data pending,Data Pending,watch,https://www.screener.in/company/AVANA/,https://kite.zerodha.com/quote/NSE/AVANA,https://www.ipoguru.in/sme-ipo-performance,2026-09-05T17:15:24
11,Merritronix,Merritronix,Merritronix,Merritronix,544773,544773,,BSE,SME,₹283.10,149.0,OK,340.45,283.1,OK,340.45,OK,90.0,128.49,,,,191.45,₹149.00,,,N/A,Manufacturing capex,85.0,,,DATA UNAVAILABLE,0.0,"Quarterly score unavailable: revenue, EBITDA, and PAT growth are missing.",10.0,INSUFFICIENT_DATA,7.5,DATA_INSUFFICIENT,NOT_RUN,DATA_INSUFFICIENT,9.25,NOT_CALCULABLE,0.25%,SECURITY_IDENTITY_UNRESOLVED,identity; historical_market; annual_financials; quarterly_results; cash_flow; shareholding; valuation; business_disclosures; peer_data; market_cap; latest_annual_revenue; latest_annual_pat; latest_quarterly_results; debt; promoter_holding,,True,False,False,False,False,False,False,Financial Data Pending,100,SECURITY_MAP_SOURCE_VERIFIED,Clean company name: Merritronix -> Source symbol: missing/pending -> Security map clean company: Merritronix -> Forbidden false matches protected: MARINETRAN -> Security map: BSE 544773 -> Kite exact validation: pending (instrument_master_not_supplied),SOURCE_VERIFIED,MISSING,DIRECT_BSE,55.0,Valuation Data Pending,DATA PENDING,DATA PENDING,DATA PENDING,Wait for valuation + quarterly data,No order,50.0,DATA_GAP,Financial data pending; Market cap data pending; Valuation data pending; Shareholding data pending,Data Pending,watch,https://www.screener.in/company/544773/,https://kite.zerodha.com/quote/BSE/544773,https://www.ipoguru.in/sme-ipo-performance,2026-09-05T17:15:24
12,Teamtech Formwork Solutions,Teamtech Formwork Solutions,Teamtech Formwork Solutions,Teamtech Formwork Solutions,TEAMTECH,TEAMTECH,,NSE,SME,₹71.00,63.0,OK,137.0,71.0,OK,137.0,OK,12.7,117.46,,,,74.0,₹63.00,,,N/A,Manufacturing capex,85.0,,,DATA UNAVAILABLE,0.0,"Quarterly score unavailable: revenue, EBITDA, and PAT growth are missing.",10.0,INSUFFICIENT_DATA,7.5,DATA_INSUFFICIENT,NOT_RUN,DATA_INSUFFICIENT,9.25,NOT_CALCULABLE,0.25%,SECURITY_IDENTITY_UNRESOLVED,identity; historical_market; annual_financials; quarterly_results; cash_flow; shareholding; valuation; business_disclosures; peer_data; market_cap; latest_annual_revenue; latest_annual_pat; latest_quarterly_results; debt; promoter_holding,,True,False,False,False,False,False,False,Financial Data Pending,100,SECURITY_MAP_SOURCE_VERIFIED,Clean company name: Teamtech Formwork Solutions -> Source symbol: missing/pending -> Security map clean company: Teamtech Formwork Solutions -> Security map: NSE TEAMTECH -> Kite exact validation: pending (instrument_master_not_supplied),SOURCE_VERIFIED,MISSING,DIRECT_NSE,55.0,Valuation Data Pending,DATA PENDING,DATA PENDING,DATA PENDING,Wait for valuation + quarterly data,No order,50.0,DATA_GAP,Financial data pending; Market cap data pending; Valuation data pending; Shareholding data pending,Data Pending,watch,https://www.screener.in/company/TEAMTECH/,https://kite.zerodha.com/quote/NSE/TEAMTECH,https://www.ipoguru.in/sme-ipo-performance,2026-09-05T17:15:24
13,Shreedhar Spinners,Shreedhar Spinners,Shreedhar Spinners,Shreedhar Spinners,SHREEDHAR,SHREEDHAR,,NSE,SME,₹0.00,53.0,OK,114.3,,LISTING_PRICE_MISSING,114.3,OK,,115.66,,,,61.3,₹53.00,,,N/A,Manufacturing capex,85.0,,,DATA UNAVAILABLE,0.0,"Quarterly score unavailable: revenue, EBITDA, and PAT growth are missing.",10.0,INSUFFICIENT_DATA,7.5,DATA_INSUFFICIENT,NOT_RUN,DATA_INSUFFICIENT,9.25,NOT_CALCULABLE,0.25%,SECURITY_IDENTITY_UNRESOLVED,identity; historical_market; annual_financials; quarterly_results; cash_flow; shareholding; valuation; business_disclosures; peer_data; market_cap; latest_annual_revenue; latest_annual_pat; latest_quarterly_results; debt; promoter_holding,,True,False,False,False,False,False,False,Financial Data Pending,100,SECURITY_MAP_SOURCE_VERIFIED,Clean company name: Shreedhar Spinners -> Source symbol: missing/pending -> Security map clean company: Shreedhar Spinners -> Security map: NSE SHREEDHAR -> Kite exact validation: pending (instrument_master_not_supplied),SOURCE_VERIFIED,MISSING,DIRECT_NSE,55.0,Valuation Data Pending,DATA PENDING,DATA PENDING,DATA PENDING,Wait for valuation + quarterly data,No order,50.0,DATA_GAP,Financial data pending; Market cap data pending; Valuation data pending; Shareholding data pending,Data Pending,watch,https://www.screener.in/company/SHREEDHAR/,https://kite.zerodha.com/quote/NSE/SHREEDHAR,https://www.ipoguru.in/sme-ipo-performance,2026-09-05T17:15:24
14,Accretion Nutraveda,Accretion Nutraveda,Accretion Nutraveda,Accretion Nutraveda,544694,544694,,BSE,SME,₹191.00,129.0,OK,276.0,191.0,OK,276.0,OK,48.06,113.95,,,,147.0,₹129.00,,,N/A,Manufacturing capex,85.0,,,DATA UNAVAILABLE,0.0,"Quarterly score unavailable: revenue, EBITDA, and PAT growth are missing.",10.0,INSUFFICIENT_DATA,7.5,DATA_INSUFFICIENT,NOT_RUN,DATA_INSUFFICIENT,9.25,NOT_CALCULABLE,0.25%,SECURITY_IDENTITY_UNRESOLVED,identity; historical_market; annual_financials; quarterly_results; cash_flow; shareholding; valuation; business_disclosures; peer_data; market_cap; latest_annual_revenue; latest_annual_pat; latest_quarterly_results; debt; promoter_holding,,True,False,False,False,False,False,False,Financial Data Pending,100,SECURITY_MAP_SOURCE_VERIFIED,Clean company name: Accretion Nutraveda -> Source symbol: missing/pending -> Security map clean company: Accretion Nutraveda -> Forbidden false matches protected: JAIPURKURT -> Security map: BSE 544694 -> Kite exact validation: pending (instrument_master_not_supplied),SOURCE_VERIFIED,MISSING,DIRECT_BSE,55.0,Valuation Data Pending,DATA PENDING,DATA PENDING,DATA PENDING,Wait for valuation + quarterly data,No order,50.0,DATA_GAP,Financial data pending; Market cap data pending; Valuation data pending; Shareholding data pending,Data Pending,watch,https://www.screener.in/company/544694/,https://kite.zerodha.com/quote/BSE/544694,https://www.ipoguru.in/sme-ipo-performance,2026-09-05T17:15:24
15,Elfin Agro India,Elfin Agro India,Elfin Agro India,Elfin Agro India,544724,544724,,BSE,SME,₹47.30,47.0,OK,100.5,47.3,OK,100.5,OK,0.64,113.83,,,,53.5,₹47.00,,,N/A,Manufacturing capex,85.0,,,DATA UNAVAILABLE,0.0,"Quarterly score unavailable: revenue, EBITDA, and PAT growth are missing.",10.0,INSUFFICIENT_DATA,7.5,DATA_INSUFFICIENT,NOT_RUN,DATA_INSUFFICIENT,9.25,NOT_CALCULABLE,0.25%,SECURITY_IDENTITY_UNRESOLVED,identity; historical_market; annual_financials; quarterly_results; cash_flow; shareholding; valuation; business_disclosures; peer_data; market_cap; latest_annual_revenue; latest_annual_pat; latest_quarterly_results; debt; promoter_holding,,True,False,False,False,False,False,False,Financial Data Pending,100,SECURITY_MAP_SOURCE_VERIFIED,Clean company name: Elfin Agro India -> Source symbol: missing/pending -> Security map clean company: Elfin Agro India -> Forbidden false matches protected: ARFIN -> Security map: BSE 544724 -> Kite exact validation: pending (instrument_master_not_supplied),SOURCE_VERIFIED,MISSING,DIRECT_BSE,55.0,Valuation Data Pending,DATA PENDING,DATA PENDING,DATA PENDING,Wait for valuation + quarterly data,No order,50.0,DATA_GAP,Financial data pending; Market cap data pending; Valuation data pending; Shareholding data pending,Data Pending,watch,https://www.screener.in/company/544724/,https://kite.zerodha.com/quote/BSE/544724,https://www.ipoguru.in/sme-ipo-performance,2026-09-05T17:15:24
16,KRM Ayurveda,KRM Ayurveda,KRM Ayurveda,KRM Ayurveda,KRMAYURVED,KRMAYURVED,,NSE,SME,₹172.10,135.0,OK,287.85,172.1,OK,287.85,OK,27.48,113.22,,,,152.85,₹135.00,,,N/A,Manufacturing capex,85.0,,,DATA UNAVAILABLE,0.0,"Quarterly score unavailable: revenue, EBITDA, and PAT growth are missing.",10.0,INSUFFICIENT_DATA,7.5,DATA_INSUFFICIENT,NOT_RUN,DATA_INSUFFICIENT,9.25,NOT_CALCULABLE,0.25%,SECURITY_IDENTITY_UNRESOLVED,identity; historical_market; annual_financials; quarterly_results; cash_flow; shareholding; valuation; business_disclosures; peer_data; market_cap; latest_annual_revenue; latest_annual_pat; latest_quarterly_results; debt; promoter_holding,,True,False,False,False,False,False,False,Financial Data Pending,100,SECURITY_MAP_SOURCE_VERIFIED,Clean company name: KRM Ayurveda -> Source symbol: missing/pending -> Security map clean company: KRM Ayurveda -> Security map: NSE KRMAYURVED -> Kite exact validation: pending (instrument_master_not_supplied),SOURCE_VERIFIED,MISSING,DIRECT_NSE,55.0,Valuation Data Pending,DATA PENDING,DATA PENDING,DATA PENDING,Wait for valuation + quarterly data,No order,50.0,DATA_GAP,Financial data pending; Market cap data pending; Valuation data pending; Shareholding data pending,Data Pending,watch,https://www.screener.in/company/KRMAYURVED/,https://kite.zerodha.com/quote/NSE/KRMAYURVED,https://www.ipoguru.in/sme-ipo-performance,2026-09-05T17:15:24
17,Recode Studios,Recode Studios,Recode Studios,Recode Studios,544755,544755,,BSE,SME,₹213.10,158.0,OK,336.05,213.1,OK,336.05,OK,34.87,112.69,,,,178.05,₹158.00,,,N/A,Manufacturing capex,85.0,,,DATA UNAVAILABLE,0.0,"Quarterly score unavailable: revenue, EBITDA, and PAT growth are missing.",10.0,INSUFFICIENT_DATA,7.5,DATA_INSUFFICIENT,NOT_RUN,DATA_INSUFFICIENT,9.25,NOT_CALCULABLE,0.25%,SECURITY_IDENTITY_UNRESOLVED,identity; historical_market; annual_financials; quarterly_results; cash_flow; shareholding; valuation; business_disclosures; peer_data; market_cap; latest_annual_revenue; latest_annual_pat; latest_quarterly_results; debt; promoter_holding,,True,False,False,False,False,False,False,Financial Data Pending,100,SECURITY_MAP_SOURCE_VERIFIED,Clean company name: Recode Studios -> Source symbol: missing/pending -> Security map clean company: Recode Studios -> Forbidden false matches protected: STUDIOLSD -> Security map: BSE 544755 -> Kite exact validation: pending (instrument_master_not_supplied),SOURCE_VERIFIED,MISSING,DIRECT_BSE,55.0,Valuation Data Pending,DATA PENDING,DATA PENDING,DATA PENDING,Wait for valuation + quarterly data,No order,50.0,DATA_GAP,Financial data pending; Market cap data pending; Valuation data pending; Shareholding data pending,Data Pending,watch,https://www.screener.in/company/544755/,https://kite.zerodha.com/quote/BSE/544755,https://www.ipoguru.in/sme-ipo-performance,2026-09-05T17:15:24
18,Msafe Equipments,Msafe Equipments,Msafe Equipments,Msafe Equipments,544695,544695,,BSE,SME,₹144.00,123.0,OK,250.8,144.0,OK,250.8,OK,17.07,103.9,,,,127.8,₹123.00,,,N/A,Manufacturing capex,85.0,,,DATA UNAVAILABLE,0.0,"Quarterly score unavailable: revenue, EBITDA, and PAT growth are missing.",10.0,INSUFFICIENT_DATA,7.5,DATA_INSUFFICIENT,NOT_RUN,DATA_INSUFFICIENT,9.25,NOT_CALCULABLE,0.25%,SECURITY_IDENTITY_UNRESOLVED,identity; historical_market; annual_financials; quarterly_results; cash_flow; shareholding; valuation; business_disclosures; peer_data; market_cap; latest_annual_revenue; latest_annual_pat; latest_quarterly_results; debt; promoter_holding,,True,False,False,False,False,False,False,Financial Data Pending,100,SECURITY_MAP_SOURCE_VERIFIED,Clean company name: Msafe Equipments -> Source symbol: missing/pending -> Security map clean company: Msafe Equipments -> Forbidden false matches protected: RVTH -> Security map: BSE 544695 -> Kite exact validation: pending (instrument_master_not_supplied),SOURCE_VERIFIED,MISSING,DIRECT_BSE,55.0,Valuation Data Pending,DATA PENDING,DATA PENDING,DATA PENDING,Wait for valuation + quarterly data,No order,50.0,DATA_GAP,Financial data pending; Market cap data pending; Valuation data pending; Shareholding data pending,Data Pending,watch,https://www.screener.in/company/544695/,https://kite.zerodha.com/quote/BSE/544695,https://www.ipoguru.in/sme-ipo-performance,2026-09-05T17:15:24
19,E to E Transportation Infrastructur...,E to E Transportation Infrastructur...,E to E Transportation Infrastructur...,E to E Transportation Infrastructur...,E2ERAIL,E2ERAIL,,NSE,SME,₹174.00,174.0,OK,353.1,174.0,OK,353.1,OK,0.0,102.93,,,,179.1,₹174.00,,,N/A,Manufacturing capex,85.0,,,DATA UNAVAILABLE,0.0,"Quarterly score unavailable: revenue, EBITDA, and PAT growth are missing.",10.0,INSUFFICIENT_DATA,7.5,DATA_INSUFFICIENT,NOT_RUN,DATA_INSUFFICIENT,9.25,NOT_CALCULABLE,0.25%,SECURITY_IDENTITY_UNRESOLVED,identity; historical_market; annual_financials; quarterly_results; cash_flow; shareholding; valuation; business_disclosures; peer_data; market_cap; latest_annual_revenue; latest_annual_pat; latest_quarterly_results; debt; promoter_holding,,True,False,False,False,False,False,False,Financial Data Pending,100,SECURITY_MAP_SOURCE_VERIFIED,Clean company name: E to E Transportation Infrastructur... -> Source symbol: missing/pending -> Security map clean company: E to E Transportation Infrastructur... -> Security map: NSE E2ERAIL -> Kite exact validation: pending (instrument_master_not_supplied),SOURCE_VERIFIED,MISSING,DIRECT_NSE,55.0,Valuation Data Pending,DATA PENDING,DATA PENDING,DATA PENDING,Wait for valuation + quarterly data,No order,50.0,DATA_GAP,Financial data pending; Market cap data pending; Valuation data pending; Shareholding data pending,Data Pending,watch,https://www.screener.in/company/E2ERAIL/,https://kite.zerodha.com/quote/NSE/E2ERAIL,https://www.ipoguru.in/sme-ipo-performance,2026-09-05T17:15:24
20,Q-Line Biotech,Q-Line Biotech,Q-Line Biotech,Q-Line Biotech,QLINE,QLINE,,NSE,SME,₹452.00,343.0,OK,639.6,452.0,OK,639.6,OK,31.78,86.47,,,,296.6,₹343.00,,,N/A,Manufacturing capex,85.0,,,DATA UNAVAILABLE,0.0,"Quarterly score unavailable: revenue, EBITDA, and PAT growth are missing.",10.0,INSUFFICIENT_DATA,7.5,DATA_INSUFFICIENT,NOT_RUN,DATA_INSUFFICIENT,9.25,NOT_CALCULABLE,0.25%,SECURITY_IDENTITY_UNRESOLVED,identity; historical_market; annual_financials; quarterly_results; cash_flow; shareholding; valuation; business_disclosures; peer_data; market_cap; latest_annual_revenue; latest_annual_pat; latest_quarterly_results; debt; promoter_holding,,True,False,False,False,False,False,False,Financial Data Pending,100,SECURITY_MAP_SOURCE_VERIFIED,Clean company name: Q-Line Biotech -> Source symbol: missing/pending -> Security map clean company: Q-Line Biotech -> Security map: NSE QLINE -> Kite exact validation: pending (instrument_master_not_supplied),SOURCE_VERIFIED,MISSING,DIRECT_NSE,55.0,Valuation Data Pending,DATA PENDING,DATA PENDING,DATA PENDING,Wait for valuation + quarterly data,No order,50.0,DATA_GAP,Financial data pending; Market cap data pending; Valuation data pending; Shareholding data pending,Data Pending,watch,https://www.screener.in/company/QLINE/,https://kite.zerodha.com/quote/NSE/QLINE,https://www.ipoguru.in/sme-ipo-performance,2026-09-05T17:15:24
21,RFBL Flexi Pack,RFBL Flexi Pack,RFBL Flexi Pack,RFBL Flexi Pack,RFBL,RFBL,,NSE,SME,₹52.50,50.0,OK,85.35,52.5,OK,85.35,OK,5.0,70.7,,,,35.35,₹50.00,,,N/A,Manufacturing capex,85.0,,,DATA UNAVAILABLE,0.0,"Quarterly score unavailable: revenue, EBITDA, and PAT growth are missing.",10.0,INSUFFICIENT_DATA,7.5,DATA_INSUFFICIENT,NOT_RUN,DATA_INSUFFICIENT,9.25,NOT_CALCULABLE,0.25%,SECURITY_IDENTITY_UNRESOLVED,identity; historical_market; annual_financials; quarterly_results; cash_flow; shareholding; valuation; business_disclosures; peer_data; market_cap; latest_annual_revenue; latest_annual_pat; latest_quarterly_results; debt; promoter_holding,,True,False,False,False,False,False,False,Financial Data Pending,100,SECURITY_MAP_SOURCE_VERIFIED,Clean company name: RFBL Flexi Pack -> Source symbol: missing/pending -> Security map clean company: RFBL Flexi Pack -> Security map: NSE RFBL -> Kite exact validation: pending (instrument_master_not_supplied),SOURCE_VERIFIED,MISSING,DIRECT_NSE,55.0,Valuation Data Pending,DATA PENDING,DATA PENDING,DATA PENDING,Wait for valuation + quarterly data,No order,50.0,DATA_GAP,Financial data pending; Market cap data pending; Valuation data pending; Shareholding data pending,Data Pending,watch,https://www.screener.in/company/RFBL/,https://kite.zerodha.com/quote/NSE/RFBL,https://www.ipoguru.in/sme-ipo-performance,2026-09-05T17:15:24
22,Hannah Joseph Hospital,Hannah Joseph Hospital,Hannah Joseph Hospital,Hannah Joseph Hospital,544687,544687,,BSE,SME,₹65.00,70.0,OK,114.6,65.0,OK,114.6,OK,-7.14,63.71,,,,44.6,₹70.00,,,N/A,Healthcare/diagnostics,85.0,,,DATA UNAVAILABLE,0.0,"Quarterly score unavailable: revenue, EBITDA, and PAT growth are missing.",10.0,INSUFFICIENT_DATA,7.5,DATA_INSUFFICIENT,NOT_RUN,DATA_INSUFFICIENT,9.25,NOT_CALCULABLE,0.25%,SECURITY_IDENTITY_UNRESOLVED,identity; historical_market; annual_financials; quarterly_results; cash_flow; shareholding; valuation; business_disclosures; peer_data; market_cap; latest_annual_revenue; latest_annual_pat; latest_quarterly_results; debt; promoter_holding,,True,False,False,False,False,False,False,Financial Data Pending,100,SECURITY_MAP_SOURCE_VERIFIED,Clean company name: Hannah Joseph Hospital -> Source symbol: missing/pending -> Security map clean company: Hannah Joseph Hospital -> Forbidden false matches protected: SUPREME -> Security map: BSE 544687 -> Kite exact validation: pending (instrument_master_not_supplied),SOURCE_VERIFIED,MISSING,DIRECT_BSE,55.0,Valuation Data Pending,DATA PENDING,DATA PENDING,DATA PENDING,Wait for valuation + quarterly data,No order,50.0,DATA_GAP,Financial data pending; Market cap data pending; Valuation data pending; Shareholding data pending,Data Pending,watch,https://www.screener.in/company/544687/,https://kite.zerodha.com/quote/BSE/544687,https://www.ipoguru.in/sme-ipo-performance,2026-09-05T17:15:24
23,GRE Renew Enertech,GRE Renew Enertech,GRE Renew Enertech,GRE Renew Enertech,544682,544682,,BSE,SME,₹96.00,105.0,OK,170.1,96.0,OK,170.1,OK,-8.57,62.0,,,,65.1,₹105.00,,,N/A,Manufacturing capex,85.0,,,DATA UNAVAILABLE,0.0,"Quarterly score unavailable: revenue, EBITDA, and PAT growth are missing.",10.0,INSUFFICIENT_DATA,7.5,DATA_INSUFFICIENT,NOT_RUN,DATA_INSUFFICIENT,9.25,NOT_CALCULABLE,0.25%,SECURITY_IDENTITY_UNRESOLVED,identity; historical_market; annual_financials; quarterly_results; cash_flow; shareholding; valuation; business_disclosures; peer_data; market_cap; latest_annual_revenue; latest_annual_pat; latest_quarterly_results; debt; promoter_holding,,True,False,False,False,False,False,False,Financial Data Pending,100,SECURITY_MAP_SOURCE_VERIFIED,Clean company name: GRE Renew Enertech -> Source symbol: missing/pending -> Security map clean company: GRE Renew Enertech -> Forbidden false matches protected: GREENLEAF -> Security map: BSE 544682 -> Kite exact validation: pending (instrument_master_not_supplied),SOURCE_VERIFIED,MISSING,DIRECT_BSE,55.0,Valuation Data Pending,DATA PENDING,DATA PENDING,DATA PENDING,Wait for valuation + quarterly data,No order,50.0,DATA_GAP,Financial data pending; Market cap data pending; Valuation data pending; Shareholding data pending,Data Pending,watch,https://www.screener.in/company/544682/,https://kite.zerodha.com/quote/BSE/544682,https://www.ipoguru.in/sme-ipo-performance,2026-09-05T17:15:24
24,Highness Microelectronics,Highness Microelectronics,Highness Microelectronics,Highness Microelectronics,544741,544741,,BSE,SME,₹125.00,120.0,OK,183.8,125.0,OK,183.8,OK,4.17,53.17,,,,63.8,₹120.00,,,N/A,EMS/electronics,85.0,,,DATA UNAVAILABLE,0.0,"Quarterly score unavailable: revenue, EBITDA, and PAT growth are missing.",10.0,INSUFFICIENT_DATA,7.5,DATA_INSUFFICIENT,NOT_RUN,DATA_INSUFFICIENT,9.25,NOT_CALCULABLE,0.25%,SECURITY_IDENTITY_UNRESOLVED,identity; historical_market; annual_financials; quarterly_results; cash_flow; shareholding; valuation; business_disclosures; peer_data; market_cap; latest_annual_revenue; latest_annual_pat; latest_quarterly_results; debt; promoter_holding,,True,False,False,False,False,False,False,Financial Data Pending,100,SECURITY_MAP_SOURCE_VERIFIED,Clean company name: Highness Microelectronics -> Source symbol: missing/pending -> Security map clean company: Highness Microelectronics -> Forbidden false matches protected: AIMTRON -> Security map: BSE 544741 -> Kite exact validation: pending (instrument_master_not_supplied),SOURCE_VERIFIED,MISSING,DIRECT_BSE,55.0,Valuation Data Pending,DATA PENDING,DATA PENDING,DATA PENDING,Wait for valuation + quarterly data,No order,50.0,DATA_GAP,Financial data pending; Market cap data pending; Valuation data pending; Shareholding data pending,Data Pending,watch,https://www.screener.in/company/544741/,https://kite.zerodha.com/quote/BSE/544741,https://www.ipoguru.in/sme-ipo-performance,2026-09-05T17:15:24
25,Crazy Snacks,Crazy Snacks,Crazy Snacks,Crazy Snacks,544807,544807,,BSE,SME,₹44.00,42.0,OK,60.0,44.0,OK,60.0,OK,4.76,42.86,,,,18.0,₹42.00,,,N/A,Manufacturing capex,85.0,,,DATA UNAVAILABLE,0.0,"Quarterly score unavailable: revenue, EBITDA, and PAT growth are missing.",10.0,INSUFFICIENT_DATA,7.5,DATA_INSUFFICIENT,NOT_RUN,DATA_INSUFFICIENT,9.25,NOT_CALCULABLE,0.25%,SECURITY_IDENTITY_UNRESOLVED,identity; historical_market; annual_financials; quarterly_results; cash_flow; shareholding; valuation; business_disclosures; peer_data; market_cap; latest_annual_revenue; latest_annual_pat; latest_quarterly_results; debt; promoter_holding,,True,False,False,False,False,False,False,Financial Data Pending,100,SECURITY_MAP_SOURCE_VERIFIED,Clean company name: Crazy Snacks -> Source symbol: missing/pending -> Security map clean company: Crazy Snacks -> Forbidden false matches protected: DIAMONDYD -> Security map: BSE 544807 -> Kite exact validation: pending (instrument_master_not_supplied),SOURCE_VERIFIED,MISSING,DIRECT_BSE,55.0,Valuation Data Pending,DATA PENDING,DATA PENDING,DATA PENDING,Wait for valuation + quarterly data,No order,50.0,DATA_GAP,Financial data pending; Market cap data pending; Valuation data pending; Shareholding data pending,Data Pending,watch,https://www.screener.in/company/544807/,https://kite.zerodha.com/quote/BSE/544807,https://www.ipoguru.in/sme-ipo-performance,2026-09-05T17:15:24
26,Autofurnish,Autofurnish,Autofurnish,Autofurnish,544767,544767,,BSE,SME,₹43.00,41.0,OK,55.8,43.0,OK,55.8,OK,4.88,36.1,,,,14.8,₹41.00,,,N/A,Manufacturing capex,85.0,,,DATA UNAVAILABLE,0.0,"Quarterly score unavailable: revenue, EBITDA, and PAT growth are missing.",10.0,INSUFFICIENT_DATA,7.5,DATA_INSUFFICIENT,NOT_RUN,DATA_INSUFFICIENT,9.25,NOT_CALCULABLE,0.25%,SECURITY_IDENTITY_UNRESOLVED,identity; historical_market; annual_financials; quarterly_results; cash_flow; shareholding; valuation; business_disclosures; peer_data; market_cap; latest_annual_revenue; latest_annual_pat; latest_quarterly_results; debt; promoter_holding,,True,False,False,False,False,False,False,Financial Data Pending,100,SECURITY_MAP_SOURCE_VERIFIED,Clean company name: Autofurnish -> Source symbol: missing/pending -> Security map clean company: Autofurnish -> Forbidden false matches protected: OMFURN -> Security map: BSE 544767 -> Kite exact validation: pending (instrument_master_not_supplied),SOURCE_VERIFIED,MISSING,DIRECT_BSE,55.0,Valuation Data Pending,DATA PENDING,DATA PENDING,DATA PENDING,Wait for valuation + quarterly data,No order,50.0,DATA_GAP,Financial data pending; Market cap data pending; Valuation data pending; Shareholding data pending,Data Pending,watch,https://www.screener.in/company/544767/,https://kite.zerodha.com/quote/BSE/544767,https://www.ipoguru.in/sme-ipo-performance,2026-09-05T17:15:24
27,Mobilise App Lab,Mobilise App Lab,Mobilise App Lab,Mobilise App Lab,MOBILISE,MOBILISE,,NSE,SME,₹64.10,80.0,OK,108.15,64.1,OK,108.15,OK,-19.88,35.19,,,,28.15,₹80.00,,,N/A,Manufacturing capex,85.0,,,DATA UNAVAILABLE,0.0,"Quarterly score unavailable: revenue, EBITDA, and PAT growth are missing.",10.0,INSUFFICIENT_DATA,7.5,DATA_INSUFFICIENT,NOT_RUN,DATA_INSUFFICIENT,9.25,NOT_CALCULABLE,0.25%,SECURITY_IDENTITY_UNRESOLVED,identity; historical_market; annual_financials; quarterly_results; cash_flow; shareholding; valuation; business_disclosures; peer_data; market_cap; latest_annual_revenue; latest_annual_pat; latest_quarterly_results; debt; promoter_holding,,True,False,False,False,False,False,False,Financial Data Pending,100,SECURITY_MAP_SOURCE_VERIFIED,Clean company name: Mobilise App Lab -> Source symbol: missing/pending -> Security map clean company: Mobilise App Lab -> Security map: NSE MOBILISE -> Kite exact validation: pending (instrument_master_not_supplied),SOURCE_VERIFIED,MISSING,DIRECT_NSE,55.0,Valuation Data Pending,DATA PENDING,DATA PENDING,DATA PENDING,Wait for valuation + quarterly data,No order,50.0,DATA_GAP,Financial data pending; Market cap data pending; Valuation data pending; Shareholding data pending,Data Pending,watch,https://www.screener.in/company/MOBILISE/,https://kite.zerodha.com/quote/NSE/MOBILISE,https://www.ipoguru.in/sme-ipo-performance,2026-09-05T17:15:24
28,IC Electricals Company,IC Electricals Company,IC Electricals Company,IC Electricals Company,ICELCO,ICELCO,,NSE,SME,₹0.00,99.0,OK,119.05,,LISTING_PRICE_MISSING,119.05,OK,,20.25,,,,20.05,₹99.00,,,N/A,Power & electrical infra,85.0,,,DATA UNAVAILABLE,0.0,"Quarterly score unavailable: revenue, EBITDA, and PAT growth are missing.",10.0,INSUFFICIENT_DATA,7.5,DATA_INSUFFICIENT,NOT_RUN,DATA_INSUFFICIENT,9.25,NOT_CALCULABLE,0.25%,SECURITY_IDENTITY_UNRESOLVED,identity; historical_market; annual_financials; quarterly_results; cash_flow; shareholding; valuation; business_disclosures; peer_data; market_cap; latest_annual_revenue; latest_annual_pat; latest_quarterly_results; debt; promoter_holding,,True,False,False,False,False,False,False,Financial Data Pending,100,SECURITY_MAP_SOURCE_VERIFIED,Clean company name: IC Electricals Company -> Source symbol: missing/pending -> Security map clean company: IC Electricals Company -> Security map: NSE ICELCO -> Kite exact validation: pending (instrument_master_not_supplied),SOURCE_VERIFIED,MISSING,DIRECT_NSE,55.0,Valuation Data Pending,DATA PENDING,DATA PENDING,DATA PENDING,Wait for valuation + quarterly data,No order,50.0,DATA_GAP,Financial data pending; Market cap data pending; Valuation data pending; Shareholding data pending,Data Pending,watch,https://www.screener.in/company/ICELCO/,https://kite.zerodha.com/quote/NSE/ICELCO,https://www.ipoguru.in/sme-ipo-performance,2026-09-05T17:15:24
29,Teja Engineering Industries,Teja Engineering Industries,Teja Engineering Industries,Teja Engineering Industries,TEJA,TEJA,,NSE,SME,₹0.00,220.0,OK,236.05,,LISTING_PRICE_MISSING,236.05,OK,,7.3,,,,16.05,₹220.00,,,N/A,Manufacturing capex,85.0,,,DATA UNAVAILABLE,0.0,"Quarterly score unavailable: revenue, EBITDA, and PAT growth are missing.",10.0,INSUFFICIENT_DATA,7.5,DATA_INSUFFICIENT,NOT_RUN,DATA_INSUFFICIENT,9.25,NOT_CALCULABLE,0.25%,SECURITY_IDENTITY_UNRESOLVED,identity; historical_market; annual_financials; quarterly_results; cash_flow; shareholding; valuation; business_disclosures; peer_data; market_cap; latest_annual_revenue; latest_annual_pat; latest_quarterly_results; debt; promoter_holding,,True,False,False,False,False,False,False,Financial Data Pending,100,SECURITY_MAP_SOURCE_VERIFIED,Clean company name: Teja Engineering Industries -> Source symbol: missing/pending -> Security map clean company: Teja Engineering Industries -> Security map: NSE TEJA -> Kite exact validation: pending (instrument_master_not_supplied),SOURCE_VERIFIED,MISSING,DIRECT_NSE,55.0,Valuation Data Pending,DATA PENDING,DATA PENDING,DATA PENDING,Wait for valuation + quarterly data,No order,50.0,DATA_GAP,Financial data pending; Market cap data pending; Valuation data pending; Shareholding data pending,Data Pending,watch,https://www.screener.in/company/TEJA/,https://kite.zerodha.com/quote/NSE/TEJA,https://www.ipoguru.in/sme-ipo-performance,2026-09-05T17:15:24
30,Technocrats Plasma Systems,Technocrats Plasma Systems,Technocrats Plasma Systems,Technocrats Plasma Systems,,,,SME,SME,₹230.00,132.0,OK,361.0,230.0,OK,361.0,OK,74.24,173.48,,,,229.0,₹132.00,,,N/A,EMS/electronics,85.0,,,DATA UNAVAILABLE,0.0,"Quarterly score unavailable: revenue, EBITDA, and PAT growth are missing.",10.0,INSUFFICIENT_DATA,7.5,DATA_INSUFFICIENT,NOT_RUN,DATA_INSUFFICIENT,9.25,NOT_CALCULABLE,0.25%,SECURITY_IDENTITY_UNRESOLVED,identity; historical_market; annual_financials; quarterly_results; cash_flow; shareholding; valuation; business_disclosures; peer_data; market_cap; latest_annual_revenue; latest_annual_pat; latest_quarterly_results; debt; promoter_holding,,False,False,False,False,False,False,False,Financial Data Pending,55,SEARCH_ONLY,Clean company name: Technocrats Plasma Systems -> Source symbol: missing/pending -> Saved override: none -> Kite instrument master: no match/not supplied -> NSE/BSE verification: unresolved -> ISIN: MISSING -> Screener URL: SEARCH,DATA_PENDING,MISSING,SEARCH,55.0,Valuation Data Pending,DATA PENDING,DATA PENDING,SYMBOL REVIEW NEEDED,N/A,No order,30.0,DATA_GAP,Unverified listing; Symbol review; Financial data pending; Market cap data pending; Valuation data pending; Shareholding data pending,Symbol Review Needed,watch,https://www.screener.in/search/?q=Technocrats+Plasma+Systems,,https://www.ipoguru.in/sme-ipo-performance,2026-09-05T17:15:24
31,Poojaa Precision Engg,Poojaa Precision Engg,Poojaa Precision Engg,Poojaa Precision Engg,,,,SME,SME,₹470.00,301.0,OK,641.3,470.0,OK,641.3,OK,56.15,113.06,,,,340.3,₹301.00,,,N/A,Manufacturing capex,85.0,,,DATA UNAVAILABLE,0.0,"Quarterly score unavailable: revenue, EBITDA, and PAT growth are missing.",10.0,INSUFFICIENT_DATA,7.5,DATA_INSUFFICIENT,NOT_RUN,DATA_INSUFFICIENT,9.25,NOT_CALCULABLE,0.25%,SECURITY_IDENTITY_UNRESOLVED,identity; historical_market; annual_financials; quarterly_results; cash_flow; shareholding; valuation; business_disclosures; peer_data; market_cap; latest_annual_revenue; latest_annual_pat; latest_quarterly_results; debt; promoter_holding,,False,False,False,False,False,False,False,Financial Data Pending,55,SEARCH_ONLY,Clean company name: Poojaa Precision Engg -> Source symbol: missing/pending -> Saved override: none -> Kite instrument master: no match/not supplied -> NSE/BSE verification: unresolved -> ISIN: MISSING -> Screener URL: SEARCH,DATA_PENDING,MISSING,SEARCH,55.0,Valuation Data Pending,DATA PENDING,DATA PENDING,SYMBOL REVIEW NEEDED,N/A,No order,30.0,DATA_GAP,Unverified listing; Symbol review; Financial data pending; Market cap data pending; Valuation data pending; Shareholding data pending,Symbol Review Needed,watch,https://www.screener.in/search/?q=Poojaa+Precision+Engg,,https://www.ipoguru.in/sme-ipo-performance,2026-09-05T17:15:24
32,Kwick Forensic Solutions,Kwick Forensic Solutions,Kwick Forensic Solutions,Kwick Forensic Solutions,,,,SME,SME,₹150.00,90.0,OK,165.32,150.0,OK,165.32,OK,66.67,83.69,,,,75.32,₹90.00,,,N/A,Manufacturing capex,85.0,,,DATA UNAVAILABLE,0.0,"Quarterly score unavailable: revenue, EBITDA, and PAT growth are missing.",10.0,INSUFFICIENT_DATA,7.5,DATA_INSUFFICIENT,NOT_RUN,DATA_INSUFFICIENT,9.25,NOT_CALCULABLE,0.25%,SECURITY_IDENTITY_UNRESOLVED,identity; historical_market; annual_financials; quarterly_results; cash_flow; shareholding; valuation; business_disclosures; peer_data; market_cap; latest_annual_revenue; latest_annual_pat; latest_quarterly_results; debt; promoter_holding,,False,False,False,False,False,False,False,Financial Data Pending,55,SEARCH_ONLY,Clean company name: Kwick Forensic Solutions -> Source symbol: missing/pending -> Saved override: none -> Kite instrument master: no match/not supplied -> NSE/BSE verification: unresolved -> ISIN: MISSING -> Screener URL: SEARCH,DATA_PENDING,MISSING,SEARCH,55.0,Valuation Data Pending,DATA PENDING,DATA PENDING,SYMBOL REVIEW NEEDED,N/A,No order,30.0,DATA_GAP,Unverified listing; Symbol review; Financial data pending; Market cap data pending; Valuation data pending; Shareholding data pending,Symbol Review Needed,watch,https://www.screener.in/search/?q=Kwick+Forensic+Solutions,,https://www.ipoguru.in/sme-ipo-performance,2026-09-05T17:15:24
33,Diksha Polymers,Diksha Polymers,Diksha Polymers,Diksha Polymers,,,,SME,SME,₹114.50,112.0,OK,203.0,114.5,OK,203.0,OK,2.23,81.25,,,,91.0,₹112.00,,,N/A,Manufacturing capex,85.0,,,DATA UNAVAILABLE,0.0,"Quarterly score unavailable: revenue, EBITDA, and PAT growth are missing.",10.0,INSUFFICIENT_DATA,7.5,DATA_INSUFFICIENT,NOT_RUN,DATA_INSUFFICIENT,9.25,NOT_CALCULABLE,0.25%,SECURITY_IDENTITY_UNRESOLVED,identity; historical_market; annual_financials; quarterly_results; cash_flow; shareholding; valuation; business_disclosures; peer_data; market_cap; latest_annual_revenue; latest_annual_pat; latest_quarterly_results; debt; promoter_holding,,False,False,False,False,False,False,False,Financial Data Pending,55,SEARCH_ONLY,Clean company name: Diksha Polymers -> Source symbol: missing/pending -> Saved override: none -> Kite instrument master: no match/not supplied -> NSE/BSE verification: unresolved -> ISIN: MISSING -> Screener URL: SEARCH,DATA_PENDING,MISSING,SEARCH,55.0,Valuation Data Pending,DATA PENDING,DATA PENDING,SYMBOL REVIEW NEEDED,N/A,No order,30.0,DATA_GAP,Unverified listing; Symbol review; Financial data pending; Market cap data pending; Valuation data pending; Shareholding data pending,Symbol Review Needed,watch,https://www.screener.in/search/?q=Diksha+Polymers,,https://www.ipoguru.in/sme-ipo-performance,2026-09-05T17:15:24
34,Metalic Technoforge,Metalic Technoforge,Metalic Technoforge,Metalic Technoforge,,,,SME,SME,₹0.00,77.0,OK,134.65,,LISTING_PRICE_MISSING,134.65,OK,,74.87,,,,57.65,₹77.00,,,N/A,Manufacturing capex,85.0,,,DATA UNAVAILABLE,0.0,"Quarterly score unavailable: revenue, EBITDA, and PAT growth are missing.",10.0,INSUFFICIENT_DATA,7.5,DATA_INSUFFICIENT,NOT_RUN,DATA_INSUFFICIENT,9.25,NOT_CALCULABLE,0.25%,SECURITY_IDENTITY_UNRESOLVED,identity; historical_market; annual_financials; quarterly_results; cash_flow; shareholding; valuation; business_disclosures; peer_data; market_cap; latest_annual_revenue; latest_annual_pat; latest_quarterly_results; debt; promoter_holding,,False,False,False,False,False,False,False,Financial Data Pending,55,SEARCH_ONLY,Clean company name: Metalic Technoforge -> Source symbol: missing/pending -> Saved override: none -> Kite instrument master: no match/not supplied -> NSE/BSE verification: unresolved -> ISIN: MISSING -> Screener URL: SEARCH,DATA_PENDING,MISSING,SEARCH,55.0,Valuation Data Pending,DATA PENDING,DATA PENDING,SYMBOL REVIEW NEEDED,N/A,No order,30.0,DATA_GAP,Unverified listing; Symbol review; Financial data pending; Market cap data pending; Valuation data pending; Shareholding data pending,Symbol Review Needed,watch,https://www.screener.in/search/?q=Metalic+Technoforge,,https://www.ipoguru.in/sme-ipo-performance,2026-09-05T17:15:24
35,Gabion Technologies India,Gabion Technologies India,Gabion Technologies India,Gabion Technologies India,,,,SME,SME,₹89.00,81.0,OK,141.4,89.0,OK,141.4,OK,9.88,74.57,,,,60.4,₹81.00,,,N/A,Manufacturing capex,85.0,,,DATA UNAVAILABLE,0.0,"Quarterly score unavailable: revenue, EBITDA, and PAT growth are missing.",10.0,INSUFFICIENT_DATA,7.5,DATA_INSUFFICIENT,NOT_RUN,DATA_INSUFFICIENT,9.25,NOT_CALCULABLE,0.25%,SECURITY_IDENTITY_UNRESOLVED,identity; historical_market; annual_financials; quarterly_results; cash_flow; shareholding; valuation; business_disclosures; peer_data; market_cap; latest_annual_revenue; latest_annual_pat; latest_quarterly_results; debt; promoter_holding,,False,False,False,False,False,False,False,Financial Data Pending,55,SEARCH_ONLY,Clean company name: Gabion Technologies India -> Source symbol: missing/pending -> Saved override: none -> Kite instrument master: no match/not supplied -> NSE/BSE verification: unresolved -> ISIN: MISSING -> Screener URL: SEARCH,DATA_PENDING,MISSING,SEARCH,55.0,Valuation Data Pending,DATA PENDING,DATA PENDING,SYMBOL REVIEW NEEDED,N/A,No order,30.0,DATA_GAP,Unverified listing; Symbol review; Financial data pending; Market cap data pending; Valuation data pending; Shareholding data pending,Symbol Review Needed,watch,https://www.screener.in/search/?q=Gabion+Technologies+India,,https://www.ipoguru.in/sme-ipo-performance,2026-09-05T17:15:24
36,Credent Connect N Care,Credent Connect N Care,Credent Connect N Care,Credent Connect N Care,,,,SME,SME,₹359.10,189.0,OK,317.7,359.1,OK,317.7,OK,90.0,68.1,,,,128.7,₹189.00,,,N/A,Manufacturing capex,85.0,,,DATA UNAVAILABLE,0.0,"Quarterly score unavailable: revenue, EBITDA, and PAT growth are missing.",10.0,INSUFFICIENT_DATA,7.5,DATA_INSUFFICIENT,NOT_RUN,DATA_INSUFFICIENT,9.25,NOT_CALCULABLE,0.25%,SECURITY_IDENTITY_UNRESOLVED,identity; historical_market; annual_financials; quarterly_results; cash_flow; shareholding; valuation; business_disclosures; peer_data; market_cap; latest_annual_revenue; latest_annual_pat; latest_quarterly_results; debt; promoter_holding,,False,False,False,False,False,False,False,Financial Data Pending,55,SEARCH_ONLY,Clean company name: Credent Connect N Care -> Source symbol: missing/pending -> Saved override: none -> Kite instrument master: no match/not supplied -> NSE/BSE verification: unresolved -> ISIN: MISSING -> Screener URL: SEARCH,DATA_PENDING,MISSING,SEARCH,55.0,Valuation Data Pending,DATA PENDING,DATA PENDING,SYMBOL REVIEW NEEDED,N/A,No order,30.0,DATA_GAP,Unverified listing; Symbol review; Financial data pending; Market cap data pending; Valuation data pending; Shareholding data pending,Symbol Review Needed,watch,https://www.screener.in/search/?q=Credent+Connect+N+Care,,https://www.ipoguru.in/sme-ipo-performance,2026-09-05T17:15:24
37,Digilogic Systems,Digilogic Systems,Digilogic Systems,Digilogic Systems,,,,SME,SME,₹83.20,104.0,OK,169.8,83.2,OK,169.8,OK,-20.0,63.27,,,,65.8,₹104.00,,,N/A,EMS/electronics,85.0,,,DATA UNAVAILABLE,0.0,"Quarterly score unavailable: revenue, EBITDA, and PAT growth are missing.",10.0,INSUFFICIENT_DATA,7.5,DATA_INSUFFICIENT,NOT_RUN,DATA_INSUFFICIENT,9.25,NOT_CALCULABLE,0.25%,SECURITY_IDENTITY_UNRESOLVED,identity; historical_market; annual_financials; quarterly_results; cash_flow; shareholding; valuation; business_disclosures; peer_data; market_cap; latest_annual_revenue; latest_annual_pat; latest_quarterly_results; debt; promoter_holding,,False,False,False,False,False,False,False,Financial Data Pending,55,SEARCH_ONLY,Clean company name: Digilogic Systems -> Source symbol: missing/pending -> Saved override: none -> Kite instrument master: no match/not supplied -> NSE/BSE verification: unresolved -> ISIN: MISSING -> Screener URL: SEARCH,DATA_PENDING,MISSING,SEARCH,55.0,Valuation Data Pending,DATA PENDING,DATA PENDING,SYMBOL REVIEW NEEDED,N/A,No order,30.0,DATA_GAP,Unverified listing; Symbol review; Financial data pending; Market cap data pending; Valuation data pending; Shareholding data pending,Symbol Review Needed,watch,https://www.screener.in/search/?q=Digilogic+Systems,,https://www.ipoguru.in/sme-ipo-performance,2026-09-05T17:15:24
38,Srinibas Pradhan Constructions,Srinibas Pradhan Constructions,Srinibas Pradhan Constructions,Srinibas Pradhan Constructions,,,,SME,SME,₹100.05,98.0,OK,150.0,100.05,OK,150.0,OK,2.09,53.06,,,,52.0,₹98.00,,,N/A,Manufacturing capex,85.0,,,DATA UNAVAILABLE,0.0,"Quarterly score unavailable: revenue, EBITDA, and PAT growth are missing.",10.0,INSUFFICIENT_DATA,7.5,DATA_INSUFFICIENT,NOT_RUN,DATA_INSUFFICIENT,9.25,NOT_CALCULABLE,0.25%,SECURITY_IDENTITY_UNRESOLVED,identity; historical_market; annual_financials; quarterly_results; cash_flow; shareholding; valuation; business_disclosures; peer_data; market_cap; latest_annual_revenue; latest_annual_pat; latest_quarterly_results; debt; promoter_holding,,False,False,False,False,False,False,False,Financial Data Pending,55,SEARCH_ONLY,Clean company name: Srinibas Pradhan Constructions -> Source symbol: missing/pending -> Saved override: none -> Kite instrument master: no match/not supplied -> NSE/BSE verification: unresolved -> ISIN: MISSING -> Screener URL: SEARCH,DATA_PENDING,MISSING,SEARCH,55.0,Valuation Data Pending,DATA PENDING,DATA PENDING,SYMBOL REVIEW NEEDED,N/A,No order,30.0,DATA_GAP,Unverified listing; Symbol review; Financial data pending; Market cap data pending; Valuation data pending; Shareholding data pending,Symbol Review Needed,watch,https://www.screener.in/search/?q=Srinibas+Pradhan+Constructions,,https://www.ipoguru.in/sme-ipo-performance,2026-09-05T17:15:24
39,Atharva Polyplast,Atharva Polyplast,Atharva Polyplast,Atharva Polyplast,,,,SME,SME,₹69.00,60.0,OK,88.75,69.0,OK,88.75,OK,15.0,47.92,,,,28.75,₹60.00,,,N/A,Manufacturing capex,85.0,,,DATA UNAVAILABLE,0.0,"Quarterly score unavailable: revenue, EBITDA, and PAT growth are missing.",10.0,INSUFFICIENT_DATA,7.5,DATA_INSUFFICIENT,NOT_RUN,DATA_INSUFFICIENT,9.25,NOT_CALCULABLE,0.25%,SECURITY_IDENTITY_UNRESOLVED,identity; historical_market; annual_financials; quarterly_results; cash_flow; shareholding; valuation; business_disclosures; peer_data; market_cap; latest_annual_revenue; latest_annual_pat; latest_quarterly_results; debt; promoter_holding,,False,False,False,False,False,False,False,Financial Data Pending,55,SEARCH_ONLY,Clean company name: Atharva Polyplast -> Source symbol: missing/pending -> Saved override: none -> Kite instrument master: no match/not supplied -> NSE/BSE verification: unresolved -> ISIN: MISSING -> Screener URL: SEARCH,DATA_PENDING,MISSING,SEARCH,55.0,Valuation Data Pending,DATA PENDING,DATA PENDING,SYMBOL REVIEW NEEDED,N/A,No order,30.0,DATA_GAP,Unverified listing; Symbol review; Financial data pending; Market cap data pending; Valuation data pending; Shareholding data pending,Symbol Review Needed,watch,https://www.screener.in/search/?q=Atharva+Polyplast,,https://www.ipoguru.in/sme-ipo-performance,2026-09-05T17:15:24
40,Accord Transformer & Switchgear,Accord Transformer & Switchgear,Accord Transformer & Switchgear,Accord Transformer & Switchgear,,,,SME,SME,₹50.00,46.0,OK,66.5,50.0,OK,66.5,OK,8.7,44.57,,,,20.5,₹46.00,,,N/A,Manufacturing capex,85.0,,,DATA UNAVAILABLE,0.0,"Quarterly score unavailable: revenue, EBITDA, and PAT growth are missing.",10.0,INSUFFICIENT_DATA,7.5,DATA_INSUFFICIENT,NOT_RUN,DATA_INSUFFICIENT,9.25,NOT_CALCULABLE,0.25%,SECURITY_IDENTITY_UNRESOLVED,identity; historical_market; annual_financials; quarterly_results; cash_flow; shareholding; valuation; business_disclosures; peer_data; market_cap; latest_annual_revenue; latest_annual_pat; latest_quarterly_results; debt; promoter_holding,,False,False,False,False,False,False,False,Financial Data Pending,55,SEARCH_ONLY,Clean company name: Accord Transformer & Switchgear -> Source symbol: missing/pending -> Saved override: none -> Kite instrument master: no match/not supplied -> NSE/BSE verification: unresolved -> ISIN: MISSING -> Screener URL: SEARCH,DATA_PENDING,MISSING,SEARCH,55.0,Valuation Data Pending,DATA PENDING,DATA PENDING,SYMBOL REVIEW NEEDED,N/A,No order,30.0,DATA_GAP,Unverified listing; Symbol review; Financial data pending; Market cap data pending; Valuation data pending; Shareholding data pending,Symbol Review Needed,watch,https://www.screener.in/search/?q=Accord+Transformer+%26+Switchgear,,https://www.ipoguru.in/sme-ipo-performance,2026-09-05T17:15:24
41,Oneindig Technologies,Oneindig Technologies,Oneindig Technologies,Oneindig Technologies,,,,SME,SME,₹120.00,96.0,OK,137.0,120.0,OK,137.0,OK,25.0,42.71,,,,41.0,₹96.00,,,N/A,Manufacturing capex,85.0,,,DATA UNAVAILABLE,0.0,"Quarterly score unavailable: revenue, EBITDA, and PAT growth are missing.",10.0,INSUFFICIENT_DATA,7.5,DATA_INSUFFICIENT,NOT_RUN,DATA_INSUFFICIENT,9.25,NOT_CALCULABLE,0.25%,SECURITY_IDENTITY_UNRESOLVED,identity; historical_market; annual_financials; quarterly_results; cash_flow; shareholding; valuation; business_disclosures; peer_data; market_cap; latest_annual_revenue; latest_annual_pat; latest_quarterly_results; debt; promoter_holding,,False,False,False,False,False,False,False,Financial Data Pending,55,SEARCH_ONLY,Clean company name: Oneindig Technologies -> Source symbol: missing/pending -> Saved override: none -> Kite instrument master: no match/not supplied -> NSE/BSE verification: unresolved -> ISIN: MISSING -> Screener URL: SEARCH,DATA_PENDING,MISSING,SEARCH,55.0,Valuation Data Pending,DATA PENDING,DATA PENDING,SYMBOL REVIEW NEEDED,N/A,No order,30.0,DATA_GAP,Unverified listing; Symbol review; Financial data pending; Market cap data pending; Valuation data pending; Shareholding data pending,Symbol Review Needed,watch,https://www.screener.in/search/?q=Oneindig+Technologies,,https://www.ipoguru.in/sme-ipo-performance,2026-09-05T17:15:24
42,Simca Advertising,Simca Advertising,Simca Advertising,Simca Advertising,,,,SME,SME,₹0.00,183.0,OK,260.0,,LISTING_PRICE_MISSING,260.0,OK,,42.08,,,,77.0,₹183.00,,,N/A,Manufacturing capex,85.0,,,DATA UNAVAILABLE,0.0,"Quarterly score unavailable: revenue, EBITDA, and PAT growth are missing.",10.0,INSUFFICIENT_DATA,7.5,DATA_INSUFFICIENT,NOT_RUN,DATA_INSUFFICIENT,9.25,NOT_CALCULABLE,0.25%,SECURITY_IDENTITY_UNRESOLVED,identity; historical_market; annual_financials; quarterly_results; cash_flow; shareholding; valuation; business_disclosures; peer_data; market_cap; latest_annual_revenue; latest_annual_pat; latest_quarterly_results; debt; promoter_holding,,False,False,False,False,False,False,False,Financial Data Pending,55,SEARCH_ONLY,Clean company name: Simca Advertising -> Source symbol: missing/pending -> Saved override: none -> Kite instrument master: no match/not supplied -> NSE/BSE verification: unresolved -> ISIN: MISSING -> Screener URL: SEARCH,DATA_PENDING,MISSING,SEARCH,55.0,Valuation Data Pending,DATA PENDING,DATA PENDING,SYMBOL REVIEW NEEDED,N/A,No order,30.0,DATA_GAP,Unverified listing; Symbol review; Financial data pending; Market cap data pending; Valuation data pending; Shareholding data pending,Symbol Review Needed,watch,https://www.screener.in/search/?q=Simca+Advertising,,https://www.ipoguru.in/sme-ipo-performance,2026-09-05T17:15:24
43,Anawil Wire & Engineering,Anawil Wire & Engineering,Anawil Wire & Engineering,Anawil Wire & Engineering,,,,SME,SME,₹0.00,270.0,OK,382.4,,LISTING_PRICE_MISSING,382.4,OK,,41.63,,,,112.4,₹270.00,,,N/A,Manufacturing capex,85.0,,,DATA UNAVAILABLE,0.0,"Quarterly score unavailable: revenue, EBITDA, and PAT growth are missing.",10.0,INSUFFICIENT_DATA,7.5,DATA_INSUFFICIENT,NOT_RUN,DATA_INSUFFICIENT,9.25,NOT_CALCULABLE,0.25%,SECURITY_IDENTITY_UNRESOLVED,identity; historical_market; annual_financials; quarterly_results; cash_flow; shareholding; valuation; business_disclosures; peer_data; market_cap; latest_annual_revenue; latest_annual_pat; latest_quarterly_results; debt; promoter_holding,,False,False,False,False,False,False,False,Financial Data Pending,55,SEARCH_ONLY,Clean company name: Anawil Wire & Engineering -> Source symbol: missing/pending -> Saved override: none -> Kite instrument master: no match/not supplied -> NSE/BSE verification: unresolved -> ISIN: MISSING -> Screener URL: SEARCH,DATA_PENDING,MISSING,SEARCH,55.0,Valuation Data Pending,DATA PENDING,DATA PENDING,SYMBOL REVIEW NEEDED,N/A,No order,30.0,DATA_GAP,Unverified listing; Symbol review; Financial data pending; Market cap data pending; Valuation data pending; Shareholding data pending,Symbol Review Needed,watch,https://www.screener.in/search/?q=Anawil+Wire+%26+Engineering,,https://www.ipoguru.in/sme-ipo-performance,2026-09-05T17:15:24
44,Novus Loyalty,Novus Loyalty,Novus Loyalty,Novus Loyalty,,,,SME,SME,₹146.00,146.0,OK,205.95,146.0,OK,205.95,OK,0.0,41.06,,,,59.95,₹146.00,,,N/A,Manufacturing capex,85.0,,,DATA UNAVAILABLE,0.0,"Quarterly score unavailable: revenue, EBITDA, and PAT growth are missing.",10.0,INSUFFICIENT_DATA,7.5,DATA_INSUFFICIENT,NOT_RUN,DATA_INSUFFICIENT,9.25,NOT_CALCULABLE,0.25%,SECURITY_IDENTITY_UNRESOLVED,identity; historical_market; annual_financials; quarterly_results; cash_flow; shareholding; valuation; business_disclosures; peer_data; market_cap; latest_annual_revenue; latest_annual_pat; latest_quarterly_results; debt; promoter_holding,,False,False,False,False,False,False,False,Financial Data Pending,55,SEARCH_ONLY,Clean company name: Novus Loyalty -> Source symbol: missing/pending -> Saved override: none -> Kite instrument master: no match/not supplied -> NSE/BSE verification: unresolved -> ISIN: MISSING -> Screener URL: SEARCH,DATA_PENDING,MISSING,SEARCH,55.0,Valuation Data Pending,DATA PENDING,DATA PENDING,SYMBOL REVIEW NEEDED,N/A,No order,30.0,DATA_GAP,Unverified listing; Symbol review; Financial data pending; Market cap data pending; Valuation data pending; Shareholding data pending,Symbol Review Needed,watch,https://www.screener.in/search/?q=Novus+Loyalty,,https://www.ipoguru.in/sme-ipo-performance,2026-09-05T17:15:24
45,Happy Steels,Happy Steels,Happy Steels,Happy Steels,,,,SME,SME,₹0.00,66.0,OK,89.65,,LISTING_PRICE_MISSING,89.65,OK,,35.83,,,,23.65,₹66.00,,,N/A,Manufacturing capex,85.0,,,DATA UNAVAILABLE,0.0,"Quarterly score unavailable: revenue, EBITDA, and PAT growth are missing.",10.0,INSUFFICIENT_DATA,7.5,DATA_INSUFFICIENT,NOT_RUN,DATA_INSUFFICIENT,9.25,NOT_CALCULABLE,0.25%,SECURITY_IDENTITY_UNRESOLVED,identity; historical_market; annual_financials; quarterly_results; cash_flow; shareholding; valuation; business_disclosures; peer_data; market_cap; latest_annual_revenue; latest_annual_pat; latest_quarterly_results; debt; promoter_holding,,False,False,False,False,False,False,False,Financial Data Pending,55,SEARCH_ONLY,Clean company name: Happy Steels -> Source symbol: missing/pending -> Saved override: none -> Kite instrument master: no match/not supplied -> NSE/BSE verification: unresolved -> ISIN: MISSING -> Screener URL: SEARCH,DATA_PENDING,MISSING,SEARCH,55.0,Valuation Data Pending,DATA PENDING,DATA PENDING,SYMBOL REVIEW NEEDED,N/A,No order,30.0,DATA_GAP,Unverified listing; Symbol review; Financial data pending; Market cap data pending; Valuation data pending; Shareholding data pending,Symbol Review Needed,watch,https://www.screener.in/search/?q=Happy+Steels,,https://www.ipoguru.in/sme-ipo-performance,2026-09-05T17:15:24
46,Sotefin Bharat,Sotefin Bharat,Sotefin Bharat,Sotefin Bharat,,,,SME,SME,₹205.00,187.0,OK,248.9,205.0,OK,248.9,OK,9.63,33.1,,,,61.9,₹187.00,,,N/A,Manufacturing capex,85.0,,,DATA UNAVAILABLE,0.0,"Quarterly score unavailable: revenue, EBITDA, and PAT growth are missing.",10.0,INSUFFICIENT_DATA,7.5,DATA_INSUFFICIENT,NOT_RUN,DATA_INSUFFICIENT,9.25,NOT_CALCULABLE,0.25%,SECURITY_IDENTITY_UNRESOLVED,identity; historical_market; annual_financials; quarterly_results; cash_flow; shareholding; valuation; business_disclosures; peer_data; market_cap; latest_annual_revenue; latest_annual_pat; latest_quarterly_results; debt; promoter_holding,,False,False,False,False,False,False,False,Financial Data Pending,55,SEARCH_ONLY,Clean company name: Sotefin Bharat -> Source symbol: missing/pending -> Saved override: none -> Kite instrument master: no match/not supplied -> NSE/BSE verification: unresolved -> ISIN: MISSING -> Screener URL: SEARCH,DATA_PENDING,MISSING,SEARCH,55.0,Valuation Data Pending,DATA PENDING,DATA PENDING,SYMBOL REVIEW NEEDED,N/A,No order,30.0,DATA_GAP,Unverified listing; Symbol review; Financial data pending; Market cap data pending; Valuation data pending; Shareholding data pending,Symbol Review Needed,watch,https://www.screener.in/search/?q=Sotefin+Bharat,,https://www.ipoguru.in/sme-ipo-performance,2026-09-05T17:15:24
47,Avience Biomedicals,Avience Biomedicals,Avience Biomedicals,Avience Biomedicals,,,,SME,SME,₹395.20,208.0,OK,275.0,395.2,OK,275.0,OK,90.0,32.21,,,,67.0,₹208.00,,,N/A,Manufacturing capex,85.0,,,DATA UNAVAILABLE,0.0,"Quarterly score unavailable: revenue, EBITDA, and PAT growth are missing.",10.0,INSUFFICIENT_DATA,7.5,DATA_INSUFFICIENT,NOT_RUN,DATA_INSUFFICIENT,9.25,NOT_CALCULABLE,0.25%,SECURITY_IDENTITY_UNRESOLVED,identity; historical_market; annual_financials; quarterly_results; cash_flow; shareholding; valuation; business_disclosures; peer_data; market_cap; latest_annual_revenue; latest_annual_pat; latest_quarterly_results; debt; promoter_holding,,False,False,False,False,False,False,False,Financial Data Pending,55,SEARCH_ONLY,Clean company name: Avience Biomedicals -> Source symbol: missing/pending -> Saved override: none -> Kite instrument master: no match/not supplied -> NSE/BSE verification: unresolved -> ISIN: MISSING -> Screener URL: SEARCH,DATA_PENDING,MISSING,SEARCH,55.0,Valuation Data Pending,DATA PENDING,DATA PENDING,SYMBOL REVIEW NEEDED,N/A,No order,30.0,DATA_GAP,Unverified listing; Symbol review; Financial data pending; Market cap data pending; Valuation data pending; Shareholding data pending,Symbol Review Needed,watch,https://www.screener.in/search/?q=Avience+Biomedicals,,https://www.ipoguru.in/sme-ipo-performance,2026-09-05T17:15:24
48,Bio Medica Laboratories,Bio Medica Laboratories,Bio Medica Laboratories,Bio Medica Laboratories,,,,SME,SME,₹111.20,139.0,OK,177.0,111.2,OK,177.0,OK,-20.0,27.34,,,,38.0,₹139.00,,,N/A,Healthcare/diagnostics,85.0,,,DATA UNAVAILABLE,0.0,"Quarterly score unavailable: revenue, EBITDA, and PAT growth are missing.",10.0,INSUFFICIENT_DATA,7.5,DATA_INSUFFICIENT,NOT_RUN,DATA_INSUFFICIENT,9.25,NOT_CALCULABLE,0.25%,SECURITY_IDENTITY_UNRESOLVED,identity; historical_market; annual_financials; quarterly_results; cash_flow; shareholding; valuation; business_disclosures; peer_data; market_cap; latest_annual_revenue; latest_annual_pat; latest_quarterly_results; debt; promoter_holding,,False,False,False,False,False,False,False,Financial Data Pending,55,SEARCH_ONLY,Clean company name: Bio Medica Laboratories -> Source symbol: missing/pending -> Saved override: none -> Kite instrument master: no match/not supplied -> NSE/BSE verification: unresolved -> ISIN: MISSING -> Screener URL: SEARCH,DATA_PENDING,MISSING,SEARCH,55.0,Valuation Data Pending,DATA PENDING,DATA PENDING,SYMBOL REVIEW NEEDED,N/A,No order,30.0,DATA_GAP,Unverified listing; Symbol review; Financial data pending; Market cap data pending; Valuation data pending; Shareholding data pending,Symbol Review Needed,watch,https://www.screener.in/search/?q=Bio+Medica+Laboratories,,https://www.ipoguru.in/sme-ipo-performance,2026-09-05T17:15:24
49,Dhaval Packaging,Dhaval Packaging,Dhaval Packaging,Dhaval Packaging,,,,SME,SME,₹110.00,97.0,OK,123.4,110.0,OK,123.4,OK,13.4,27.22,,,,26.4,₹97.00,,,N/A,Manufacturing capex,85.0,,,DATA UNAVAILABLE,0.0,"Quarterly score unavailable: revenue, EBITDA, and PAT growth are missing.",10.0,INSUFFICIENT_DATA,7.5,DATA_INSUFFICIENT,NOT_RUN,DATA_INSUFFICIENT,9.25,NOT_CALCULABLE,0.25%,SECURITY_IDENTITY_UNRESOLVED,identity; historical_market; annual_financials; quarterly_results; cash_flow; shareholding; valuation; business_disclosures; peer_data; market_cap; latest_annual_revenue; latest_annual_pat; latest_quarterly_results; debt; promoter_holding,,False,False,False,False,False,False,False,Financial Data Pending,55,SEARCH_ONLY,Clean company name: Dhaval Packaging -> Source symbol: missing/pending -> Saved override: none -> Kite instrument master: no match/not supplied -> NSE/BSE verification: unresolved -> ISIN: MISSING -> Screener URL: SEARCH,DATA_PENDING,MISSING,SEARCH,55.0,Valuation Data Pending,DATA PENDING,DATA PENDING,SYMBOL REVIEW NEEDED,N/A,No order,30.0,DATA_GAP,Unverified listing; Symbol review; Financial data pending; Market cap data pending; Valuation data pending; Shareholding data pending,Symbol Review Needed,watch,https://www.screener.in/search/?q=Dhaval+Packaging,,https://www.ipoguru.in/sme-ipo-performance,2026-09-05T17:15:24
50,LAPL Automotive,LAPL Automotive,LAPL Automotive,LAPL Automotive,,,,SME,SME,₹0.00,94.0,OK,117.9,,LISTING_PRICE_MISSING,117.9,OK,,25.43,,,,23.9,₹94.00,,,N/A,Manufacturing capex,85.0,,,DATA UNAVAILABLE,0.0,"Quarterly score unavailable: revenue, EBITDA, and PAT growth are missing.",10.0,INSUFFICIENT_DATA,7.5,DATA_INSUFFICIENT,NOT_RUN,DATA_INSUFFICIENT,9.25,NOT_CALCULABLE,0.25%,SECURITY_IDENTITY_UNRESOLVED,identity; historical_market; annual_financials; quarterly_results; cash_flow; shareholding; valuation; business_disclosures; peer_data; market_cap; latest_annual_revenue; latest_annual_pat; latest_quarterly_results; debt; promoter_holding,,False,False,False,False,False,False,False,Financial Data Pending,55,SEARCH_ONLY,Clean company name: LAPL Automotive -> Source symbol: missing/pending -> Saved override: none -> Kite instrument master: no match/not supplied -> NSE/BSE verification: unresolved -> ISIN: MISSING -> Screener URL: SEARCH,DATA_PENDING,MISSING,SEARCH,55.0,Valuation Data Pending,DATA PENDING,DATA PENDING,SYMBOL REVIEW NEEDED,N/A,No order,30.0,DATA_GAP,Unverified listing; Symbol review; Financial data pending; Market cap data pending; Valuation data pending; Shareholding data pending,Symbol Review Needed,watch,https://www.screener.in/search/?q=LAPL+Automotive,,https://www.ipoguru.in/sme-ipo-performance,2026-09-05T17:15:24
51,Acetech E-Commerce,Acetech E-Commerce,Acetech E-Commerce,Acetech E-Commerce,,,,SME,SME,₹112.00,112.0,OK,139.0,112.0,OK,139.0,OK,0.0,24.11,,,,27.0,₹112.00,,,N/A,Manufacturing capex,85.0,,,DATA UNAVAILABLE,0.0,"Quarterly score unavailable: revenue, EBITDA, and PAT growth are missing.",10.0,INSUFFICIENT_DATA,7.5,DATA_INSUFFICIENT,NOT_RUN,DATA_INSUFFICIENT,9.25,NOT_CALCULABLE,0.25%,SECURITY_IDENTITY_UNRESOLVED,identity; historical_market; annual_financials; quarterly_results; cash_flow; shareholding; valuation; business_disclosures; peer_data; market_cap; latest_annual_revenue; latest_annual_pat; latest_quarterly_results; debt; promoter_holding,,False,False,False,False,False,False,False,Financial Data Pending,55,SEARCH_ONLY,Clean company name: Acetech E-Commerce -> Source symbol: missing/pending -> Saved override: none -> Kite instrument master: no match/not supplied -> NSE/BSE verification: unresolved -> ISIN: MISSING -> Screener URL: SEARCH,DATA_PENDING,MISSING,SEARCH,55.0,Valuation Data Pending,DATA PENDING,DATA PENDING,SYMBOL REVIEW NEEDED,N/A,No order,30.0,DATA_GAP,Unverified listing; Symbol review; Financial data pending; Market cap data pending; Valuation data pending; Shareholding data pending,Symbol Review Needed,watch,https://www.screener.in/search/?q=Acetech+E-Commerce,,https://www.ipoguru.in/sme-ipo-performance,2026-09-05T17:15:24
52,Kratikal Tech,Kratikal Tech,Kratikal Tech,Kratikal Tech,,,,SME,SME,₹192.00,135.0,OK,163.5,192.0,OK,163.5,OK,42.22,21.11,,,,28.5,₹135.00,,,N/A,Manufacturing capex,85.0,,,DATA UNAVAILABLE,0.0,"Quarterly score unavailable: revenue, EBITDA, and PAT growth are missing.",10.0,INSUFFICIENT_DATA,7.5,DATA_INSUFFICIENT,NOT_RUN,DATA_INSUFFICIENT,9.25,NOT_CALCULABLE,0.25%,SECURITY_IDENTITY_UNRESOLVED,identity; historical_market; annual_financials; quarterly_results; cash_flow; shareholding; valuation; business_disclosures; peer_data; market_cap; latest_annual_revenue; latest_annual_pat; latest_quarterly_results; debt; promoter_holding,,False,False,False,False,False,False,False,Financial Data Pending,55,SEARCH_ONLY,Clean company name: Kratikal Tech -> Source symbol: missing/pending -> Saved override: none -> Kite instrument master: no match/not supplied -> NSE/BSE verification: unresolved -> ISIN: MISSING -> Screener URL: SEARCH,DATA_PENDING,MISSING,SEARCH,55.0,Valuation Data Pending,DATA PENDING,DATA PENDING,SYMBOL REVIEW NEEDED,N/A,No order,30.0,DATA_GAP,Unverified listing; Symbol review; Financial data pending; Market cap data pending; Valuation data pending; Shareholding data pending,Symbol Review Needed,watch,https://www.screener.in/search/?q=Kratikal+Tech,,https://www.ipoguru.in/sme-ipo-performance,2026-09-05T17:15:24
53,Adisoft Technologies,Adisoft Technologies,Adisoft Technologies,Adisoft Technologies,,,,SME,SME,₹205.00,172.0,OK,206.25,205.0,OK,206.25,OK,19.19,19.91,,,,34.25,₹172.00,,,N/A,Manufacturing capex,85.0,,,DATA UNAVAILABLE,0.0,"Quarterly score unavailable: revenue, EBITDA, and PAT growth are missing.",10.0,INSUFFICIENT_DATA,7.5,DATA_INSUFFICIENT,NOT_RUN,DATA_INSUFFICIENT,9.25,NOT_CALCULABLE,0.25%,SECURITY_IDENTITY_UNRESOLVED,identity; historical_market; annual_financials; quarterly_results; cash_flow; shareholding; valuation; business_disclosures; peer_data; market_cap; latest_annual_revenue; latest_annual_pat; latest_quarterly_results; debt; promoter_holding,,False,False,False,False,False,False,False,Financial Data Pending,55,SEARCH_ONLY,Clean company name: Adisoft Technologies -> Source symbol: missing/pending -> Saved override: none -> Kite instrument master: no match/not supplied -> NSE/BSE verification: unresolved -> ISIN: MISSING -> Screener URL: SEARCH,DATA_PENDING,MISSING,SEARCH,55.0,Valuation Data Pending,DATA PENDING,DATA PENDING,SYMBOL REVIEW NEEDED,N/A,No order,30.0,DATA_GAP,Unverified listing; Symbol review; Financial data pending; Market cap data pending; Valuation data pending; Shareholding data pending,Symbol Review Needed,watch,https://www.screener.in/search/?q=Adisoft+Technologies,,https://www.ipoguru.in/sme-ipo-performance,2026-09-05T17:15:24
54,Aegeus Technologies,Aegeus Technologies,Aegeus Technologies,Aegeus Technologies,,,,SME,SME,₹124.50,105.0,OK,124.5,124.5,OK,124.5,OK,18.57,18.57,,,,19.5,₹105.00,,,N/A,Manufacturing capex,85.0,,,DATA UNAVAILABLE,0.0,"Quarterly score unavailable: revenue, EBITDA, and PAT growth are missing.",10.0,INSUFFICIENT_DATA,7.5,DATA_INSUFFICIENT,NOT_RUN,DATA_INSUFFICIENT,9.25,NOT_CALCULABLE,0.25%,SECURITY_IDENTITY_UNRESOLVED,identity; historical_market; annual_financials; quarterly_results; cash_flow; shareholding; valuation; business_disclosures; peer_data; market_cap; latest_annual_revenue; latest_annual_pat; latest_quarterly_results; debt; promoter_holding,,False,False,False,False,False,False,False,Financial Data Pending,55,SEARCH_ONLY,Clean company name: Aegeus Technologies -> Source symbol: missing/pending -> Saved override: none -> Kite instrument master: no match/not supplied -> NSE/BSE verification: unresolved -> ISIN: MISSING -> Screener URL: SEARCH,DATA_PENDING,MISSING,SEARCH,55.0,Valuation Data Pending,DATA PENDING,DATA PENDING,SYMBOL REVIEW NEEDED,N/A,No order,30.0,DATA_GAP,Unverified listing; Symbol review; Financial data pending; Market cap data pending; Valuation data pending; Shareholding data pending,Symbol Review Needed,watch,https://www.screener.in/search/?q=Aegeus+Technologies,,https://www.ipoguru.in/sme-ipo-performance,2026-09-05T17:15:24
55,Adon Agro Commodities,Adon Agro Commodities,Adon Agro Commodities,Adon Agro Commodities,,,,SME,SME,₹78.25,70.0,OK,83.0,78.25,OK,83.0,OK,11.79,18.57,,,,13.0,₹70.00,,,N/A,Manufacturing capex,85.0,,,DATA UNAVAILABLE,0.0,"Quarterly score unavailable: revenue, EBITDA, and PAT growth are missing.",10.0,INSUFFICIENT_DATA,7.5,DATA_INSUFFICIENT,NOT_RUN,DATA_INSUFFICIENT,9.25,NOT_CALCULABLE,0.25%,SECURITY_IDENTITY_UNRESOLVED,identity; historical_market; annual_financials; quarterly_results; cash_flow; shareholding; valuation; business_disclosures; peer_data; market_cap; latest_annual_revenue; latest_annual_pat; latest_quarterly_results; debt; promoter_holding,,False,False,False,False,False,False,False,Financial Data Pending,55,SEARCH_ONLY,Clean company name: Adon Agro Commodities -> Source symbol: missing/pending -> Saved override: none -> Kite instrument master: no match/not supplied -> NSE/BSE verification: unresolved -> ISIN: MISSING -> Screener URL: SEARCH,DATA_PENDING,MISSING,SEARCH,55.0,Valuation Data Pending,DATA PENDING,DATA PENDING,SYMBOL REVIEW NEEDED,N/A,No order,30.0,DATA_GAP,Unverified listing; Symbol review; Financial data pending; Market cap data pending; Valuation data pending; Shareholding data pending,Symbol Review Needed,watch,https://www.screener.in/search/?q=Adon+Agro+Commodities,,https://www.ipoguru.in/sme-ipo-performance,2026-09-05T17:15:24
56,Fusion Klassroom Edutech,Fusion Klassroom Edutech,Fusion Klassroom Edutech,Fusion Klassroom Edutech,,,,SME,SME,₹170.00,159.0,OK,184.5,170.0,OK,184.5,OK,6.92,16.04,,,,25.5,₹159.00,,,N/A,Manufacturing capex,85.0,,,DATA UNAVAILABLE,0.0,"Quarterly score unavailable: revenue, EBITDA, and PAT growth are missing.",10.0,INSUFFICIENT_DATA,7.5,DATA_INSUFFICIENT,NOT_RUN,DATA_INSUFFICIENT,9.25,NOT_CALCULABLE,0.25%,SECURITY_IDENTITY_UNRESOLVED,identity; historical_market; annual_financials; quarterly_results; cash_flow; shareholding; valuation; business_disclosures; peer_data; market_cap; latest_annual_revenue; latest_annual_pat; latest_quarterly_results; debt; promoter_holding,,False,False,False,False,False,False,False,Financial Data Pending,55,SEARCH_ONLY,Clean company name: Fusion Klassroom Edutech -> Source symbol: missing/pending -> Saved override: none -> Kite instrument master: no match/not supplied -> NSE/BSE verification: unresolved -> ISIN: MISSING -> Screener URL: SEARCH,DATA_PENDING,MISSING,SEARCH,55.0,Valuation Data Pending,DATA PENDING,DATA PENDING,SYMBOL REVIEW NEEDED,N/A,No order,30.0,DATA_GAP,Unverified listing; Symbol review; Financial data pending; Market cap data pending; Valuation data pending; Shareholding data pending,Symbol Review Needed,watch,https://www.screener.in/search/?q=Fusion+Klassroom+Edutech,,https://www.ipoguru.in/sme-ipo-performance,2026-09-05T17:15:24
57,Horizon Reclaim (India),Horizon Reclaim (India),Horizon Reclaim (India),Horizon Reclaim (India),,,,SME,SME,₹151.00,103.0,OK,118.05,151.0,OK,118.05,OK,46.6,14.61,,,,15.05,₹103.00,,,N/A,Manufacturing capex,85.0,,,DATA UNAVAILABLE,0.0,"Quarterly score unavailable: revenue, EBITDA, and PAT growth are missing.",10.0,INSUFFICIENT_DATA,7.5,DATA_INSUFFICIENT,NOT_RUN,DATA_INSUFFICIENT,9.25,NOT_CALCULABLE,0.25%,SECURITY_IDENTITY_UNRESOLVED,identity; historical_market; annual_financials; quarterly_results; cash_flow; shareholding; valuation; business_disclosures; peer_data; market_cap; latest_annual_revenue; latest_annual_pat; latest_quarterly_results; debt; promoter_holding,,False,False,False,False,False,False,False,Financial Data Pending,55,SEARCH_ONLY,Clean company name: Horizon Reclaim (India) -> Source symbol: missing/pending -> Saved override: none -> Kite instrument master: no match/not supplied -> NSE/BSE verification: unresolved -> ISIN: MISSING -> Screener URL: SEARCH,DATA_PENDING,MISSING,SEARCH,55.0,Valuation Data Pending,DATA PENDING,DATA PENDING,SYMBOL REVIEW NEEDED,N/A,No order,30.0,DATA_GAP,Unverified listing; Symbol review; Financial data pending; Market cap data pending; Valuation data pending; Shareholding data pending,Symbol Review Needed,watch,https://www.screener.in/search/?q=Horizon+Reclaim+%28India%29,,https://www.ipoguru.in/sme-ipo-performance,2026-09-05T17:15:24
58,ENS Enterprises,ENS Enterprises,ENS Enterprises,ENS Enterprises,,,,SME,SME,₹96.00,92.0,OK,103.9,96.0,OK,103.9,OK,4.35,12.93,,,,11.9,₹92.00,,,N/A,Manufacturing capex,85.0,,,DATA UNAVAILABLE,0.0,"Quarterly score unavailable: revenue, EBITDA, and PAT growth are missing.",10.0,INSUFFICIENT_DATA,7.5,DATA_INSUFFICIENT,NOT_RUN,DATA_INSUFFICIENT,9.25,NOT_CALCULABLE,0.25%,SECURITY_IDENTITY_UNRESOLVED,identity; historical_market; annual_financials; quarterly_results; cash_flow; shareholding; valuation; business_disclosures; peer_data; market_cap; latest_annual_revenue; latest_annual_pat; latest_quarterly_results; debt; promoter_holding,,False,False,False,False,False,False,False,Financial Data Pending,55,SEARCH_ONLY,Clean company name: ENS Enterprises -> Source symbol: missing/pending -> Saved override: none -> Kite instrument master: no match/not supplied -> NSE/BSE verification: unresolved -> ISIN: MISSING -> Screener URL: SEARCH,DATA_PENDING,MISSING,SEARCH,55.0,Valuation Data Pending,DATA PENDING,DATA PENDING,SYMBOL REVIEW NEEDED,N/A,No order,30.0,DATA_GAP,Unverified listing; Symbol review; Financial data pending; Market cap data pending; Valuation data pending; Shareholding data pending,Symbol Review Needed,watch,https://www.screener.in/search/?q=ENS+Enterprises,,https://www.ipoguru.in/sme-ipo-performance,2026-09-05T17:15:24
59,Sampark India Logistics,Sampark India Logistics,Sampark India Logistics,Sampark India Logistics,,,,SME,SME,₹89.00,84.0,OK,94.5,89.0,OK,94.5,OK,5.95,12.5,,,,10.5,₹84.00,,,N/A,Manufacturing capex,85.0,,,DATA UNAVAILABLE,0.0,"Quarterly score unavailable: revenue, EBITDA, and PAT growth are missing.",10.0,INSUFFICIENT_DATA,7.5,DATA_INSUFFICIENT,NOT_RUN,DATA_INSUFFICIENT,9.25,NOT_CALCULABLE,0.25%,SECURITY_IDENTITY_UNRESOLVED,identity; historical_market; annual_financials; quarterly_results; cash_flow; shareholding; valuation; business_disclosures; peer_data; market_cap; latest_annual_revenue; latest_annual_pat; latest_quarterly_results; debt; promoter_holding,,False,False,False,False,False,False,False,Financial Data Pending,55,SEARCH_ONLY,Clean company name: Sampark India Logistics -> Source symbol: missing/pending -> Saved override: none -> Kite instrument master: no match/not supplied -> NSE/BSE verification: unresolved -> ISIN: MISSING -> Screener URL: SEARCH,DATA_PENDING,MISSING,SEARCH,55.0,Valuation Data Pending,DATA PENDING,DATA PENDING,SYMBOL REVIEW NEEDED,N/A,No order,30.0,DATA_GAP,Unverified listing; Symbol review; Financial data pending; Market cap data pending; Valuation data pending; Shareholding data pending,Symbol Review Needed,watch,https://www.screener.in/search/?q=Sampark+India+Logistics,,https://www.ipoguru.in/sme-ipo-performance,2026-09-05T17:15:24
60,Mehul Telecom,Mehul Telecom,Mehul Telecom,Mehul Telecom,,,,SME,SME,₹108.00,98.0,OK,107.0,108.0,OK,107.0,OK,10.2,9.18,,,,9.0,₹98.00,,,N/A,Manufacturing capex,85.0,,,DATA UNAVAILABLE,0.0,"Quarterly score unavailable: revenue, EBITDA, and PAT growth are missing.",10.0,INSUFFICIENT_DATA,7.5,DATA_INSUFFICIENT,NOT_RUN,DATA_INSUFFICIENT,9.25,NOT_CALCULABLE,0.25%,SECURITY_IDENTITY_UNRESOLVED,identity; historical_market; annual_financials; quarterly_results; cash_flow; shareholding; valuation; business_disclosures; peer_data; market_cap; latest_annual_revenue; latest_annual_pat; latest_quarterly_results; debt; promoter_holding,,False,False,False,False,False,False,False,Financial Data Pending,55,SEARCH_ONLY,Clean company name: Mehul Telecom -> Source symbol: missing/pending -> Saved override: none -> Kite instrument master: no match/not supplied -> NSE/BSE verification: unresolved -> ISIN: MISSING -> Screener URL: SEARCH,DATA_PENDING,MISSING,SEARCH,55.0,Valuation Data Pending,DATA PENDING,DATA PENDING,SYMBOL REVIEW NEEDED,N/A,No order,30.0,DATA_GAP,Unverified listing; Symbol review; Financial data pending; Market cap data pending; Valuation data pending; Shareholding data pending,Symbol Review Needed,watch,https://www.screener.in/search/?q=Mehul+Telecom,,https://www.ipoguru.in/sme-ipo-performance,2026-09-05T17:15:24
61,Complete Sports & Management India,Complete Sports & Management India,Complete Sports & Management India,Complete Sports & Management India,,,,SME,SME,₹139.00,135.0,OK,145.95,139.0,OK,145.95,OK,2.96,8.11,,,,10.95,₹135.00,,,N/A,Manufacturing capex,85.0,,,DATA UNAVAILABLE,0.0,"Quarterly score unavailable: revenue, EBITDA, and PAT growth are missing.",10.0,INSUFFICIENT_DATA,7.5,DATA_INSUFFICIENT,NOT_RUN,DATA_INSUFFICIENT,9.25,NOT_CALCULABLE,0.25%,SECURITY_IDENTITY_UNRESOLVED,identity; historical_market; annual_financials; quarterly_results; cash_flow; shareholding; valuation; business_disclosures; peer_data; market_cap; latest_annual_revenue; latest_annual_pat; latest_quarterly_results; debt; promoter_holding,,False,False,False,False,False,False,False,Financial Data Pending,55,SEARCH_ONLY,Clean company name: Complete Sports & Management India -> Source symbol: missing/pending -> Saved override: none -> Kite instrument master: no match/not supplied -> NSE/BSE verification: unresolved -> ISIN: MISSING -> Screener URL: SEARCH,DATA_PENDING,MISSING,SEARCH,55.0,Valuation Data Pending,DATA PENDING,DATA PENDING,SYMBOL REVIEW NEEDED,N/A,No order,30.0,DATA_GAP,Unverified listing; Symbol review; Financial data pending; Market cap data pending; Valuation data pending; Shareholding data pending,Symbol Review Needed,watch,https://www.screener.in/search/?q=Complete+Sports+%26+Management+India,,https://www.ipoguru.in/sme-ipo-performance,2026-09-05T17:15:24
62,Sumax Engineering,Sumax Engineering,Sumax Engineering,Sumax Engineering,,,,SME,SME,₹111.00,101.0,OK,106.5,111.0,OK,106.5,OK,9.9,5.45,,,,5.5,₹101.00,,,N/A,Manufacturing capex,85.0,,,DATA UNAVAILABLE,0.0,"Quarterly score unavailable: revenue, EBITDA, and PAT growth are missing.",10.0,INSUFFICIENT_DATA,7.5,DATA_INSUFFICIENT,NOT_RUN,DATA_INSUFFICIENT,9.25,NOT_CALCULABLE,0.25%,SECURITY_IDENTITY_UNRESOLVED,identity; historical_market; annual_financials; quarterly_results; cash_flow; shareholding; valuation; business_disclosures; peer_data; market_cap; latest_annual_revenue; latest_annual_pat; latest_quarterly_results; debt; promoter_holding,,False,False,False,False,False,False,False,Financial Data Pending,55,SEARCH_ONLY,Clean company name: Sumax Engineering -> Source symbol: missing/pending -> Saved override: none -> Kite instrument master: no match/not supplied -> NSE/BSE verification: unresolved -> ISIN: MISSING -> Screener URL: SEARCH,DATA_PENDING,MISSING,SEARCH,55.0,Valuation Data Pending,DATA PENDING,DATA PENDING,SYMBOL REVIEW NEEDED,N/A,No order,30.0,DATA_GAP,Unverified listing; Symbol review; Financial data pending; Market cap data pending; Valuation data pending; Shareholding data pending,Symbol Review Needed,watch,https://www.screener.in/search/?q=Sumax+Engineering,,https://www.ipoguru.in/sme-ipo-performance,2026-09-05T17:15:24
63,Paluck Technologies,Paluck Technologies,Paluck Technologies,Paluck Technologies,,,,SME,SME,₹46.80,48.0,OK,49.14,46.8,OK,49.14,OK,-2.5,2.38,,,,1.14,₹48.00,,,N/A,Manufacturing capex,85.0,,,DATA UNAVAILABLE,0.0,"Quarterly score unavailable: revenue, EBITDA, and PAT growth are missing.",10.0,INSUFFICIENT_DATA,7.5,DATA_INSUFFICIENT,NOT_RUN,DATA_INSUFFICIENT,9.25,NOT_CALCULABLE,0.25%,SECURITY_IDENTITY_UNRESOLVED,identity; historical_market; annual_financials; quarterly_results; cash_flow; shareholding; valuation; business_disclosures; peer_data; market_cap; latest_annual_revenue; latest_annual_pat; latest_quarterly_results; debt; promoter_holding,,False,False,False,False,False,False,False,Financial Data Pending,55,SEARCH_ONLY,Clean company name: Paluck Technologies -> Source symbol: missing/pending -> Saved override: none -> Kite instrument master: no match/not supplied -> NSE/BSE verification: unresolved -> ISIN: MISSING -> Screener URL: SEARCH,DATA_PENDING,MISSING,SEARCH,55.0,Valuation Data Pending,DATA PENDING,DATA PENDING,SYMBOL REVIEW NEEDED,N/A,No order,30.0,DATA_GAP,Unverified listing; Symbol review; Financial data pending; Market cap data pending; Valuation data pending; Shareholding data pending,Symbol Review Needed,watch,https://www.screener.in/search/?q=Paluck+Technologies,,https://www.ipoguru.in/sme-ipo-performance,2026-09-05T17:15:24
64,Propshop Events & Exhibitions,Propshop Events & Exhibitions,Propshop Events & Exhibitions,Propshop Events & Exhibitions,,,,SME,SME,₹0.00,69.0,OK,70.1,,LISTING_PRICE_MISSING,70.1,OK,,1.59,,,,1.1,₹69.00,,,N/A,Manufacturing capex,85.0,,,DATA UNAVAILABLE,0.0,"Quarterly score unavailable: revenue, EBITDA, and PAT growth are missing.",10.0,INSUFFICIENT_DATA,7.5,DATA_INSUFFICIENT,NOT_RUN,DATA_INSUFFICIENT,9.25,NOT_CALCULABLE,0.25%,SECURITY_IDENTITY_UNRESOLVED,identity; historical_market; annual_financials; quarterly_results; cash_flow; shareholding; valuation; business_disclosures; peer_data; market_cap; latest_annual_revenue; latest_annual_pat; latest_quarterly_results; debt; promoter_holding,,False,False,False,False,False,False,False,Financial Data Pending,55,SEARCH_ONLY,Clean company name: Propshop Events & Exhibitions -> Source symbol: missing/pending -> Saved override: none -> Kite instrument master: no match/not supplied -> NSE/BSE verification: unresolved -> ISIN: MISSING -> Screener URL: SEARCH,DATA_PENDING,MISSING,SEARCH,55.0,Valuation Data Pending,DATA PENDING,DATA PENDING,SYMBOL REVIEW NEEDED,N/A,No order,30.0,DATA_GAP,Unverified listing; Symbol review; Financial data pending; Market cap data pending; Valuation data pending; Shareholding data pending,Symbol Review Needed,watch,https://www.screener.in/search/?q=Propshop+Events+%26+Exhibitions,,https://www.ipoguru.in/sme-ipo-performance,2026-09-05T17:15:24
65,Emiac Technologies,Emiac Technologies,Emiac Technologies,Emiac Technologies,,,,SME,SME,₹107.80,98.0,OK,97.5,107.8,OK,97.5,OK,10.0,-0.51,,,,-0.5,₹98.00,,,N/A,Manufacturing capex,85.0,,,DATA UNAVAILABLE,0.0,"Quarterly score unavailable: revenue, EBITDA, and PAT growth are missing.",10.0,INSUFFICIENT_DATA,7.5,DATA_INSUFFICIENT,NOT_RUN,DATA_INSUFFICIENT,9.25,NOT_CALCULABLE,0.25%,SECURITY_IDENTITY_UNRESOLVED,identity; historical_market; annual_financials; quarterly_results; cash_flow; shareholding; valuation; business_disclosures; peer_data; market_cap; latest_annual_revenue; latest_annual_pat; latest_quarterly_results; debt; promoter_holding,,False,False,False,False,False,False,False,Financial Data Pending,55,SEARCH_ONLY,Clean company name: Emiac Technologies -> Source symbol: missing/pending -> Saved override: none -> Kite instrument master: no match/not supplied -> NSE/BSE verification: unresolved -> ISIN: MISSING -> Screener URL: SEARCH,DATA_PENDING,MISSING,SEARCH,55.0,Valuation Data Pending,DATA PENDING,DATA PENDING,SYMBOL REVIEW NEEDED,N/A,No order,30.0,DATA_GAP,Unverified listing; Symbol review; Financial data pending; Market cap data pending; Valuation data pending; Shareholding data pending,Symbol Review Needed,watch,https://www.screener.in/search/?q=Emiac+Technologies,,https://www.ipoguru.in/sme-ipo-performance,2026-09-05T17:15:24
66,Defrail Technologies,Defrail Technologies,Defrail Technologies,Defrail Technologies,,,,SME,SME,₹95.00,74.0,OK,73.5,95.0,OK,73.5,OK,28.38,-0.68,,,,-0.5,₹74.00,,,N/A,Manufacturing capex,85.0,,,DATA UNAVAILABLE,0.0,"Quarterly score unavailable: revenue, EBITDA, and PAT growth are missing.",10.0,INSUFFICIENT_DATA,7.5,DATA_INSUFFICIENT,NOT_RUN,DATA_INSUFFICIENT,9.25,NOT_CALCULABLE,0.25%,SECURITY_IDENTITY_UNRESOLVED,identity; historical_market; annual_financials; quarterly_results; cash_flow; shareholding; valuation; business_disclosures; peer_data; market_cap; latest_annual_revenue; latest_annual_pat; latest_quarterly_results; debt; promoter_holding,,False,False,False,False,False,False,False,Financial Data Pending,55,SEARCH_ONLY,Clean company name: Defrail Technologies -> Source symbol: missing/pending -> Saved override: none -> Kite instrument master: no match/not supplied -> NSE/BSE verification: unresolved -> ISIN: MISSING -> Screener URL: SEARCH,DATA_PENDING,MISSING,SEARCH,55.0,Valuation Data Pending,DATA PENDING,DATA PENDING,SYMBOL REVIEW NEEDED,N/A,No order,30.0,DATA_GAP,Unverified listing; Symbol review; Financial data pending; Market cap data pending; Valuation data pending; Shareholding data pending,Symbol Review Needed,watch,https://www.screener.in/search/?q=Defrail+Technologies,,https://www.ipoguru.in/sme-ipo-performance,2026-09-05T17:15:24
67,G.V.Electricals,G.V.Electricals,G.V.Electricals,G.V.Electricals,,,,SME,SME,₹158.00,130.0,OK,128.85,158.0,OK,128.85,OK,21.54,-0.88,,,,-1.15,₹130.00,,,N/A,Power & electrical infra,85.0,,,DATA UNAVAILABLE,0.0,"Quarterly score unavailable: revenue, EBITDA, and PAT growth are missing.",10.0,INSUFFICIENT_DATA,7.5,DATA_INSUFFICIENT,NOT_RUN,DATA_INSUFFICIENT,9.25,NOT_CALCULABLE,0.25%,SECURITY_IDENTITY_UNRESOLVED,identity; historical_market; annual_financials; quarterly_results; cash_flow; shareholding; valuation; business_disclosures; peer_data; market_cap; latest_annual_revenue; latest_annual_pat; latest_quarterly_results; debt; promoter_holding,,False,False,False,False,False,False,False,Financial Data Pending,55,SEARCH_ONLY,Clean company name: G.V.Electricals -> Source symbol: missing/pending -> Saved override: none -> Kite instrument master: no match/not supplied -> NSE/BSE verification: unresolved -> ISIN: MISSING -> Screener URL: SEARCH,DATA_PENDING,MISSING,SEARCH,55.0,Valuation Data Pending,DATA PENDING,DATA PENDING,SYMBOL REVIEW NEEDED,N/A,No order,30.0,DATA_GAP,Unverified listing; Symbol review; Financial data pending; Market cap data pending; Valuation data pending; Shareholding data pending,Symbol Review Needed,watch,https://www.screener.in/search/?q=G.V.Electricals,,https://www.ipoguru.in/sme-ipo-performance,2026-09-05T17:15:24
68,Fractal Industries,Fractal Industries,Fractal Industries,Fractal Industries,,,,SME,SME,₹229.00,216.0,OK,214.0,229.0,OK,214.0,OK,6.02,-0.93,,,,-2.0,₹216.00,,,N/A,Manufacturing capex,85.0,,,DATA UNAVAILABLE,0.0,"Quarterly score unavailable: revenue, EBITDA, and PAT growth are missing.",10.0,INSUFFICIENT_DATA,7.5,DATA_INSUFFICIENT,NOT_RUN,DATA_INSUFFICIENT,9.25,NOT_CALCULABLE,0.25%,SECURITY_IDENTITY_UNRESOLVED,identity; historical_market; annual_financials; quarterly_results; cash_flow; shareholding; valuation; business_disclosures; peer_data; market_cap; latest_annual_revenue; latest_annual_pat; latest_quarterly_results; debt; promoter_holding,,False,False,False,False,False,False,False,Financial Data Pending,55,SEARCH_ONLY,Clean company name: Fractal Industries -> Source symbol: missing/pending -> Saved override: none -> Kite instrument master: no match/not supplied -> NSE/BSE verification: unresolved -> ISIN: MISSING -> Screener URL: SEARCH,DATA_PENDING,MISSING,SEARCH,55.0,Valuation Data Pending,DATA PENDING,DATA PENDING,SYMBOL REVIEW NEEDED,N/A,No order,30.0,DATA_GAP,Unverified listing; Symbol review; Financial data pending; Market cap data pending; Valuation data pending; Shareholding data pending,Symbol Review Needed,watch,https://www.screener.in/search/?q=Fractal+Industries,,https://www.ipoguru.in/sme-ipo-performance,2026-09-05T17:15:24
69,Leapfrog Engineering Services,Leapfrog Engineering Services,Leapfrog Engineering Services,Leapfrog Engineering Services,,,,SME,SME,₹22.00,23.0,OK,22.5,22.0,OK,22.5,OK,-4.35,-2.17,,,,-0.5,₹23.00,,,N/A,Manufacturing capex,85.0,,,DATA UNAVAILABLE,0.0,"Quarterly score unavailable: revenue, EBITDA, and PAT growth are missing.",10.0,INSUFFICIENT_DATA,7.5,DATA_INSUFFICIENT,NOT_RUN,DATA_INSUFFICIENT,9.25,NOT_CALCULABLE,0.25%,SECURITY_IDENTITY_UNRESOLVED,identity; historical_market; annual_financials; quarterly_results; cash_flow; shareholding; valuation; business_disclosures; peer_data; market_cap; latest_annual_revenue; latest_annual_pat; latest_quarterly_results; debt; promoter_holding,,False,False,False,False,False,False,False,Financial Data Pending,55,SEARCH_ONLY,Clean company name: Leapfrog Engineering Services -> Source symbol: missing/pending -> Saved override: none -> Kite instrument master: no match/not supplied -> NSE/BSE verification: unresolved -> ISIN: MISSING -> Screener URL: SEARCH,DATA_PENDING,MISSING,SEARCH,55.0,Valuation Data Pending,DATA PENDING,DATA PENDING,SYMBOL REVIEW NEEDED,N/A,No order,30.0,DATA_GAP,Unverified listing; Symbol review; Financial data pending; Market cap data pending; Valuation data pending; Shareholding data pending,Symbol Review Needed,watch,https://www.screener.in/search/?q=Leapfrog+Engineering+Services,,https://www.ipoguru.in/sme-ipo-performance,2026-09-05T17:15:24
70,Brandman Retail,Brandman Retail,Brandman Retail,Brandman Retail,,,,SME,SME,₹183.00,176.0,OK,171.3,183.0,OK,171.3,OK,3.98,-2.67,,,,-4.7,₹176.00,,,N/A,Consumer premiumization,85.0,,,DATA UNAVAILABLE,0.0,"Quarterly score unavailable: revenue, EBITDA, and PAT growth are missing.",10.0,INSUFFICIENT_DATA,7.5,DATA_INSUFFICIENT,NOT_RUN,DATA_INSUFFICIENT,9.25,NOT_CALCULABLE,0.25%,SECURITY_IDENTITY_UNRESOLVED,identity; historical_market; annual_financials; quarterly_results; cash_flow; shareholding; valuation; business_disclosures; peer_data; market_cap; latest_annual_revenue; latest_annual_pat; latest_quarterly_results; debt; promoter_holding,,False,False,False,False,False,False,False,Financial Data Pending,55,SEARCH_ONLY,Clean company name: Brandman Retail -> Source symbol: missing/pending -> Saved override: none -> Kite instrument master: no match/not supplied -> NSE/BSE verification: unresolved -> ISIN: MISSING -> Screener URL: SEARCH,DATA_PENDING,MISSING,SEARCH,55.0,Valuation Data Pending,DATA PENDING,DATA PENDING,SYMBOL REVIEW NEEDED,N/A,No order,30.0,DATA_GAP,Unverified listing; Symbol review; Financial data pending; Market cap data pending; Valuation data pending; Shareholding data pending,Symbol Review Needed,watch,https://www.screener.in/search/?q=Brandman+Retail,,https://www.ipoguru.in/sme-ipo-performance,2026-09-05T17:15:24
71,Pramodini Medicare,Pramodini Medicare,Pramodini Medicare,Pramodini Medicare,,,,SME,SME,₹120.00,118.0,OK,114.8,120.0,OK,114.8,OK,1.69,-2.71,,,,-3.2,₹118.00,,,N/A,Manufacturing capex,85.0,,,DATA UNAVAILABLE,0.0,"Quarterly score unavailable: revenue, EBITDA, and PAT growth are missing.",10.0,INSUFFICIENT_DATA,7.5,DATA_INSUFFICIENT,NOT_RUN,DATA_INSUFFICIENT,9.25,NOT_CALCULABLE,0.25%,SECURITY_IDENTITY_UNRESOLVED,identity; historical_market; annual_financials; quarterly_results; cash_flow; shareholding; valuation; business_disclosures; peer_data; market_cap; latest_annual_revenue; latest_annual_pat; latest_quarterly_results; debt; promoter_holding,,False,False,False,False,False,False,False,Financial Data Pending,55,SEARCH_ONLY,Clean company name: Pramodini Medicare -> Source symbol: missing/pending -> Saved override: none -> Kite instrument master: no match/not supplied -> NSE/BSE verification: unresolved -> ISIN: MISSING -> Screener URL: SEARCH,DATA_PENDING,MISSING,SEARCH,55.0,Valuation Data Pending,DATA PENDING,DATA PENDING,SYMBOL REVIEW NEEDED,N/A,No order,30.0,DATA_GAP,Unverified listing; Symbol review; Financial data pending; Market cap data pending; Valuation data pending; Shareholding data pending,Symbol Review Needed,watch,https://www.screener.in/search/?q=Pramodini+Medicare,,https://www.ipoguru.in/sme-ipo-performance,2026-09-05T17:15:24
72,Yaap Digital,Yaap Digital,Yaap Digital,Yaap Digital,,,,SME,SME,₹127.00,145.0,OK,137.8,127.0,OK,137.8,OK,-12.41,-4.97,,,,-7.2,₹145.00,,,N/A,Manufacturing capex,85.0,,,DATA UNAVAILABLE,0.0,"Quarterly score unavailable: revenue, EBITDA, and PAT growth are missing.",10.0,INSUFFICIENT_DATA,7.5,DATA_INSUFFICIENT,NOT_RUN,DATA_INSUFFICIENT,9.25,NOT_CALCULABLE,0.25%,SECURITY_IDENTITY_UNRESOLVED,identity; historical_market; annual_financials; quarterly_results; cash_flow; shareholding; valuation; business_disclosures; peer_data; market_cap; latest_annual_revenue; latest_annual_pat; latest_quarterly_results; debt; promoter_holding,,False,False,False,False,False,False,False,Financial Data Pending,55,SEARCH_ONLY,Clean company name: Yaap Digital -> Source symbol: missing/pending -> Saved override: none -> Kite instrument master: no match/not supplied -> NSE/BSE verification: unresolved -> ISIN: MISSING -> Screener URL: SEARCH,DATA_PENDING,MISSING,SEARCH,55.0,Valuation Data Pending,DATA PENDING,DATA PENDING,SYMBOL REVIEW NEEDED,N/A,No order,30.0,DATA_GAP,Unverified listing; Symbol review; Financial data pending; Market cap data pending; Valuation data pending; Shareholding data pending,Symbol Review Needed,watch,https://www.screener.in/search/?q=Yaap+Digital,,https://www.ipoguru.in/sme-ipo-performance,2026-09-05T17:15:24
73,Marushika Technology,Marushika Technology,Marushika Technology,Marushika Technology,,,,SME,SME,₹120.00,117.0,OK,109.6,120.0,OK,109.6,OK,2.56,-6.32,,,,-7.4,₹117.00,,,N/A,Manufacturing capex,85.0,,,DATA UNAVAILABLE,0.0,"Quarterly score unavailable: revenue, EBITDA, and PAT growth are missing.",10.0,INSUFFICIENT_DATA,7.5,DATA_INSUFFICIENT,NOT_RUN,DATA_INSUFFICIENT,9.25,NOT_CALCULABLE,0.25%,SECURITY_IDENTITY_UNRESOLVED,identity; historical_market; annual_financials; quarterly_results; cash_flow; shareholding; valuation; business_disclosures; peer_data; market_cap; latest_annual_revenue; latest_annual_pat; latest_quarterly_results; debt; promoter_holding,,False,False,False,False,False,False,False,Financial Data Pending,55,SEARCH_ONLY,Clean company name: Marushika Technology -> Source symbol: missing/pending -> Saved override: none -> Kite instrument master: no match/not supplied -> NSE/BSE verification: unresolved -> ISIN: MISSING -> Screener URL: SEARCH,DATA_PENDING,MISSING,SEARCH,55.0,Valuation Data Pending,DATA PENDING,DATA PENDING,SYMBOL REVIEW NEEDED,N/A,No order,30.0,DATA_GAP,Unverified listing; Symbol review; Financial data pending; Market cap data pending; Valuation data pending; Shareholding data pending,Symbol Review Needed,watch,https://www.screener.in/search/?q=Marushika+Technology,,https://www.ipoguru.in/sme-ipo-performance,2026-09-05T17:15:24
74,CKK Retail Mart,CKK Retail Mart,CKK Retail Mart,CKK Retail Mart,,,,SME,SME,₹163.00,163.0,OK,151.0,163.0,OK,151.0,OK,0.0,-7.36,,,,-12.0,₹163.00,,,N/A,Consumer premiumization,85.0,,,DATA UNAVAILABLE,0.0,"Quarterly score unavailable: revenue, EBITDA, and PAT growth are missing.",10.0,INSUFFICIENT_DATA,7.5,DATA_INSUFFICIENT,NOT_RUN,DATA_INSUFFICIENT,9.25,NOT_CALCULABLE,0.25%,SECURITY_IDENTITY_UNRESOLVED,identity; historical_market; annual_financials; quarterly_results; cash_flow; shareholding; valuation; business_disclosures; peer_data; market_cap; latest_annual_revenue; latest_annual_pat; latest_quarterly_results; debt; promoter_holding,,False,False,False,False,False,False,False,Financial Data Pending,55,SEARCH_ONLY,Clean company name: CKK Retail Mart -> Source symbol: missing/pending -> Saved override: none -> Kite instrument master: no match/not supplied -> NSE/BSE verification: unresolved -> ISIN: MISSING -> Screener URL: SEARCH,DATA_PENDING,MISSING,SEARCH,55.0,Valuation Data Pending,DATA PENDING,DATA PENDING,SYMBOL REVIEW NEEDED,N/A,No order,30.0,DATA_GAP,Unverified listing; Symbol review; Financial data pending; Market cap data pending; Valuation data pending; Shareholding data pending,Symbol Review Needed,watch,https://www.screener.in/search/?q=CKK+Retail+Mart,,https://www.ipoguru.in/sme-ipo-performance,2026-09-05T17:15:24
75,Vahh Chemicals,Vahh Chemicals,Vahh Chemicals,Vahh Chemicals,,,,SME,SME,₹70.00,60.0,OK,55.49,70.0,OK,55.49,OK,16.67,-7.52,,,,-4.51,₹60.00,,,N/A,Specialty chemicals,85.0,,,DATA UNAVAILABLE,0.0,"Quarterly score unavailable: revenue, EBITDA, and PAT growth are missing.",10.0,INSUFFICIENT_DATA,7.5,DATA_INSUFFICIENT,NOT_RUN,DATA_INSUFFICIENT,9.25,NOT_CALCULABLE,0.25%,SECURITY_IDENTITY_UNRESOLVED,identity; historical_market; annual_financials; quarterly_results; cash_flow; shareholding; valuation; business_disclosures; peer_data; market_cap; latest_annual_revenue; latest_annual_pat; latest_quarterly_results; debt; promoter_holding,,False,False,False,False,False,False,False,Financial Data Pending,55,SEARCH_ONLY,Clean company name: Vahh Chemicals -> Source symbol: missing/pending -> Saved override: none -> Kite instrument master: no match/not supplied -> NSE/BSE verification: unresolved -> ISIN: MISSING -> Screener URL: SEARCH,DATA_PENDING,MISSING,SEARCH,55.0,Valuation Data Pending,DATA PENDING,DATA PENDING,SYMBOL REVIEW NEEDED,N/A,No order,30.0,DATA_GAP,Unverified listing; Symbol review; Financial data pending; Market cap data pending; Valuation data pending; Shareholding data pending,Symbol Review Needed,watch,https://www.screener.in/search/?q=Vahh+Chemicals,,https://www.ipoguru.in/sme-ipo-performance,2026-09-05T17:15:24
76,Goldline Pharmaceutical,Goldline Pharmaceutical,Goldline Pharmaceutical,Goldline Pharmaceutical,,,,SME,SME,₹59.75,43.0,OK,39.16,59.75,OK,39.16,OK,38.95,-8.93,,,,-3.84,₹43.00,,,N/A,Healthcare/diagnostics,85.0,,,DATA UNAVAILABLE,0.0,"Quarterly score unavailable: revenue, EBITDA, and PAT growth are missing.",10.0,INSUFFICIENT_DATA,7.5,DATA_INSUFFICIENT,NOT_RUN,DATA_INSUFFICIENT,9.25,NOT_CALCULABLE,0.25%,SECURITY_IDENTITY_UNRESOLVED,identity; historical_market; annual_financials; quarterly_results; cash_flow; shareholding; valuation; business_disclosures; peer_data; market_cap; latest_annual_revenue; latest_annual_pat; latest_quarterly_results; debt; promoter_holding,,False,False,False,False,False,False,False,Financial Data Pending,55,SEARCH_ONLY,Clean company name: Goldline Pharmaceutical -> Source symbol: missing/pending -> Saved override: none -> Kite instrument master: no match/not supplied -> NSE/BSE verification: unresolved -> ISIN: MISSING -> Screener URL: SEARCH,DATA_PENDING,MISSING,SEARCH,55.0,Valuation Data Pending,DATA PENDING,DATA PENDING,SYMBOL REVIEW NEEDED,N/A,No order,30.0,DATA_GAP,Unverified listing; Symbol review; Financial data pending; Market cap data pending; Valuation data pending; Shareholding data pending,Symbol Review Needed,watch,https://www.screener.in/search/?q=Goldline+Pharmaceutical,,https://www.ipoguru.in/sme-ipo-performance,2026-09-05T17:15:24
77,Yaashvi Jewellers,Yaashvi Jewellers,Yaashvi Jewellers,Yaashvi Jewellers,,,,SME,SME,₹83.00,83.0,OK,75.4,83.0,OK,75.4,OK,0.0,-9.16,,,,-7.6,₹83.00,,,N/A,Manufacturing capex,85.0,,,DATA UNAVAILABLE,0.0,"Quarterly score unavailable: revenue, EBITDA, and PAT growth are missing.",10.0,INSUFFICIENT_DATA,7.5,DATA_INSUFFICIENT,NOT_RUN,DATA_INSUFFICIENT,9.25,NOT_CALCULABLE,0.25%,SECURITY_IDENTITY_UNRESOLVED,identity; historical_market; annual_financials; quarterly_results; cash_flow; shareholding; valuation; business_disclosures; peer_data; market_cap; latest_annual_revenue; latest_annual_pat; latest_quarterly_results; debt; promoter_holding,,False,False,False,False,False,False,False,Financial Data Pending,55,SEARCH_ONLY,Clean company name: Yaashvi Jewellers -> Source symbol: missing/pending -> Saved override: none -> Kite instrument master: no match/not supplied -> NSE/BSE verification: unresolved -> ISIN: MISSING -> Screener URL: SEARCH,DATA_PENDING,MISSING,SEARCH,55.0,Valuation Data Pending,DATA PENDING,DATA PENDING,SYMBOL REVIEW NEEDED,N/A,No order,30.0,DATA_GAP,Unverified listing; Symbol review; Financial data pending; Market cap data pending; Valuation data pending; Shareholding data pending,Symbol Review Needed,watch,https://www.screener.in/search/?q=Yaashvi+Jewellers,,https://www.ipoguru.in/sme-ipo-performance,2026-09-05T17:15:24
78,Striders Impex,Striders Impex,Striders Impex,Striders Impex,,,,SME,SME,₹70.00,72.0,OK,64.7,70.0,OK,64.7,OK,-2.78,-10.14,,,,-7.3,₹72.00,,,N/A,Manufacturing capex,85.0,,,DATA UNAVAILABLE,0.0,"Quarterly score unavailable: revenue, EBITDA, and PAT growth are missing.",10.0,INSUFFICIENT_DATA,7.5,DATA_INSUFFICIENT,NOT_RUN,DATA_INSUFFICIENT,9.25,NOT_CALCULABLE,0.25%,SECURITY_IDENTITY_UNRESOLVED,identity; historical_market; annual_financials; quarterly_results; cash_flow; shareholding; valuation; business_disclosures; peer_data; market_cap; latest_annual_revenue; latest_annual_pat; latest_quarterly_results; debt; promoter_holding,,False,False,False,False,False,False,False,Financial Data Pending,55,SEARCH_ONLY,Clean company name: Striders Impex -> Source symbol: missing/pending -> Saved override: none -> Kite instrument master: no match/not supplied -> NSE/BSE verification: unresolved -> ISIN: MISSING -> Screener URL: SEARCH,DATA_PENDING,MISSING,SEARCH,55.0,Valuation Data Pending,DATA PENDING,DATA PENDING,SYMBOL REVIEW NEEDED,N/A,No order,30.0,DATA_GAP,Unverified listing; Symbol review; Financial data pending; Market cap data pending; Valuation data pending; Shareholding data pending,Symbol Review Needed,watch,https://www.screener.in/search/?q=Striders+Impex,,https://www.ipoguru.in/sme-ipo-performance,2026-09-05T17:15:24
79,Shree Balaji (Mala) Textiles,Shree Balaji (Mala) Textiles,Shree Balaji (Mala) Textiles,Shree Balaji (Mala) Textiles,,,,SME,SME,₹133.00,70.0,OK,62.5,133.0,OK,62.5,OK,90.0,-10.71,,,,-7.5,₹70.00,,,N/A,Manufacturing capex,85.0,,,DATA UNAVAILABLE,0.0,"Quarterly score unavailable: revenue, EBITDA, and PAT growth are missing.",10.0,INSUFFICIENT_DATA,7.5,DATA_INSUFFICIENT,NOT_RUN,DATA_INSUFFICIENT,9.25,NOT_CALCULABLE,0.25%,SECURITY_IDENTITY_UNRESOLVED,identity; historical_market; annual_financials; quarterly_results; cash_flow; shareholding; valuation; business_disclosures; peer_data; market_cap; latest_annual_revenue; latest_annual_pat; latest_quarterly_results; debt; promoter_holding,,False,False,False,False,False,False,False,Financial Data Pending,55,SEARCH_ONLY,Clean company name: Shree Balaji (Mala) Textiles -> Source symbol: missing/pending -> Saved override: none -> Kite instrument master: no match/not supplied -> NSE/BSE verification: unresolved -> ISIN: MISSING -> Screener URL: SEARCH,DATA_PENDING,MISSING,SEARCH,55.0,Valuation Data Pending,DATA PENDING,DATA PENDING,SYMBOL REVIEW NEEDED,N/A,No order,30.0,DATA_GAP,Unverified listing; Symbol review; Financial data pending; Market cap data pending; Valuation data pending; Shareholding data pending,Symbol Review Needed,watch,https://www.screener.in/search/?q=Shree+Balaji+%28Mala%29+Textiles,,https://www.ipoguru.in/sme-ipo-performance,2026-09-05T17:15:24
80,Silverstorm Parks & Resorts,Silverstorm Parks & Resorts,Silverstorm Parks & Resorts,Silverstorm Parks & Resorts,,,,SME,SME,₹132.90,133.0,OK,118.0,132.9,OK,118.0,OK,-0.08,-11.28,,,,-15.0,₹133.00,,,N/A,Manufacturing capex,85.0,,,DATA UNAVAILABLE,0.0,"Quarterly score unavailable: revenue, EBITDA, and PAT growth are missing.",10.0,INSUFFICIENT_DATA,7.5,DATA_INSUFFICIENT,NOT_RUN,DATA_INSUFFICIENT,9.25,NOT_CALCULABLE,0.25%,SECURITY_IDENTITY_UNRESOLVED,identity; historical_market; annual_financials; quarterly_results; cash_flow; shareholding; valuation; business_disclosures; peer_data; market_cap; latest_annual_revenue; latest_annual_pat; latest_quarterly_results; debt; promoter_holding,,False,False,False,False,False,False,False,Financial Data Pending,55,SEARCH_ONLY,Clean company name: Silverstorm Parks & Resorts -> Source symbol: missing/pending -> Saved override: none -> Kite instrument master: no match/not supplied -> NSE/BSE verification: unresolved -> ISIN: MISSING -> Screener URL: SEARCH,DATA_PENDING,MISSING,SEARCH,55.0,Valuation Data Pending,DATA PENDING,DATA PENDING,SYMBOL REVIEW NEEDED,N/A,No order,30.0,DATA_GAP,Unverified listing; Symbol review; Financial data pending; Market cap data pending; Valuation data pending; Shareholding data pending,Symbol Review Needed,watch,https://www.screener.in/search/?q=Silverstorm+Parks+%26+Resorts,,https://www.ipoguru.in/sme-ipo-performance,2026-09-05T17:15:24
81,Madhur Knit Crafts,Madhur Knit Crafts,Madhur Knit Crafts,Madhur Knit Crafts,,,,SME,SME,₹100.00,100.0,OK,85.75,100.0,OK,85.75,OK,0.0,-14.25,,,,-14.25,₹100.00,,,N/A,Manufacturing capex,85.0,,,DATA UNAVAILABLE,0.0,"Quarterly score unavailable: revenue, EBITDA, and PAT growth are missing.",10.0,INSUFFICIENT_DATA,7.5,DATA_INSUFFICIENT,NOT_RUN,DATA_INSUFFICIENT,9.25,NOT_CALCULABLE,0.25%,SECURITY_IDENTITY_UNRESOLVED,identity; historical_market; annual_financials; quarterly_results; cash_flow; shareholding; valuation; business_disclosures; peer_data; market_cap; latest_annual_revenue; latest_annual_pat; latest_quarterly_results; debt; promoter_holding,,False,False,False,False,False,False,False,Financial Data Pending,55,SEARCH_ONLY,Clean company name: Madhur Knit Crafts -> Source symbol: missing/pending -> Saved override: none -> Kite instrument master: no match/not supplied -> NSE/BSE verification: unresolved -> ISIN: MISSING -> Screener URL: SEARCH,DATA_PENDING,MISSING,SEARCH,55.0,Valuation Data Pending,DATA PENDING,DATA PENDING,SYMBOL REVIEW NEEDED,N/A,No order,30.0,DATA_GAP,Unverified listing; Symbol review; Financial data pending; Market cap data pending; Valuation data pending; Shareholding data pending,Symbol Review Needed,watch,https://www.screener.in/search/?q=Madhur+Knit+Crafts,,https://www.ipoguru.in/sme-ipo-performance,2026-09-05T17:15:24
82,Amba Auto Sales & Services,Amba Auto Sales & Services,Amba Auto Sales & Services,Amba Auto Sales & Services,,,,SME,SME,₹134.50,135.0,OK,110.5,134.5,OK,110.5,OK,-0.37,-18.15,,,,-24.5,₹135.00,,,N/A,Manufacturing capex,85.0,,,DATA UNAVAILABLE,0.0,"Quarterly score unavailable: revenue, EBITDA, and PAT growth are missing.",10.0,INSUFFICIENT_DATA,7.5,DATA_INSUFFICIENT,NOT_RUN,DATA_INSUFFICIENT,9.25,NOT_CALCULABLE,0.25%,SECURITY_IDENTITY_UNRESOLVED,identity; historical_market; annual_financials; quarterly_results; cash_flow; shareholding; valuation; business_disclosures; peer_data; market_cap; latest_annual_revenue; latest_annual_pat; latest_quarterly_results; debt; promoter_holding,,False,False,False,False,False,False,False,Financial Data Pending,55,SEARCH_ONLY,Clean company name: Amba Auto Sales & Services -> Source symbol: missing/pending -> Saved override: none -> Kite instrument master: no match/not supplied -> NSE/BSE verification: unresolved -> ISIN: MISSING -> Screener URL: SEARCH,DATA_PENDING,MISSING,SEARCH,55.0,Valuation Data Pending,DATA PENDING,DATA PENDING,SYMBOL REVIEW NEEDED,N/A,No order,30.0,DATA_GAP,Unverified listing; Symbol review; Financial data pending; Market cap data pending; Valuation data pending; Shareholding data pending,Symbol Review Needed,watch,https://www.screener.in/search/?q=Amba+Auto+Sales+%26+Services,,https://www.ipoguru.in/sme-ipo-performance,2026-09-05T17:15:24
83,Kasturi Metal Composite,Kasturi Metal Composite,Kasturi Metal Composite,Kasturi Metal Composite,,,,SME,SME,₹64.00,64.0,OK,52.05,64.0,OK,52.05,OK,0.0,-18.67,,,,-11.95,₹64.00,,,N/A,Manufacturing capex,85.0,,,DATA UNAVAILABLE,0.0,"Quarterly score unavailable: revenue, EBITDA, and PAT growth are missing.",10.0,INSUFFICIENT_DATA,7.5,DATA_INSUFFICIENT,NOT_RUN,DATA_INSUFFICIENT,9.25,NOT_CALCULABLE,0.25%,SECURITY_IDENTITY_UNRESOLVED,identity; historical_market; annual_financials; quarterly_results; cash_flow; shareholding; valuation; business_disclosures; peer_data; market_cap; latest_annual_revenue; latest_annual_pat; latest_quarterly_results; debt; promoter_holding,,False,False,False,False,False,False,False,Financial Data Pending,55,SEARCH_ONLY,Clean company name: Kasturi Metal Composite -> Source symbol: missing/pending -> Saved override: none -> Kite instrument master: no match/not supplied -> NSE/BSE verification: unresolved -> ISIN: MISSING -> Screener URL: SEARCH,DATA_PENDING,MISSING,SEARCH,55.0,Valuation Data Pending,DATA PENDING,DATA PENDING,SYMBOL REVIEW NEEDED,N/A,No order,30.0,DATA_GAP,Unverified listing; Symbol review; Financial data pending; Market cap data pending; Valuation data pending; Shareholding data pending,Symbol Review Needed,watch,https://www.screener.in/search/?q=Kasturi+Metal+Composite,,https://www.ipoguru.in/sme-ipo-performance,2026-09-05T17:15:24
84,Optimystix Entertainment India,Optimystix Entertainment India,Optimystix Entertainment India,Optimystix Entertainment India,,,,SME,SME,₹0.00,175.0,OK,141.85,,LISTING_PRICE_MISSING,141.85,OK,,-18.94,,,,-33.15,₹175.00,,,N/A,Manufacturing capex,85.0,,,DATA UNAVAILABLE,0.0,"Quarterly score unavailable: revenue, EBITDA, and PAT growth are missing.",10.0,INSUFFICIENT_DATA,7.5,DATA_INSUFFICIENT,NOT_RUN,DATA_INSUFFICIENT,9.25,NOT_CALCULABLE,0.25%,SECURITY_IDENTITY_UNRESOLVED,identity; historical_market; annual_financials; quarterly_results; cash_flow; shareholding; valuation; business_disclosures; peer_data; market_cap; latest_annual_revenue; latest_annual_pat; latest_quarterly_results; debt; promoter_holding,,False,False,False,False,False,False,False,Financial Data Pending,55,SEARCH_ONLY,Clean company name: Optimystix Entertainment India -> Source symbol: missing/pending -> Saved override: none -> Kite instrument master: no match/not supplied -> NSE/BSE verification: unresolved -> ISIN: MISSING -> Screener URL: SEARCH,DATA_PENDING,MISSING,SEARCH,55.0,Valuation Data Pending,DATA PENDING,DATA PENDING,SYMBOL REVIEW NEEDED,N/A,No order,30.0,DATA_GAP,Unverified listing; Symbol review; Financial data pending; Market cap data pending; Valuation data pending; Shareholding data pending,Symbol Review Needed,watch,https://www.screener.in/search/?q=Optimystix+Entertainment+India,,https://www.ipoguru.in/sme-ipo-performance,2026-09-05T17:15:24
85,Safety Controls & Devices,Safety Controls & Devices,Safety Controls & Devices,Safety Controls & Devices,,,,SME,SME,₹83.00,80.0,OK,63.5,83.0,OK,63.5,OK,3.75,-20.62,,,,-16.5,₹80.00,,,N/A,Manufacturing capex,85.0,,,DATA UNAVAILABLE,0.0,"Quarterly score unavailable: revenue, EBITDA, and PAT growth are missing.",10.0,INSUFFICIENT_DATA,7.5,DATA_INSUFFICIENT,NOT_RUN,DATA_INSUFFICIENT,9.25,NOT_CALCULABLE,0.25%,SECURITY_IDENTITY_UNRESOLVED,identity; historical_market; annual_financials; quarterly_results; cash_flow; shareholding; valuation; business_disclosures; peer_data; market_cap; latest_annual_revenue; latest_annual_pat; latest_quarterly_results; debt; promoter_holding,,False,False,False,False,False,False,False,Financial Data Pending,55,SEARCH_ONLY,Clean company name: Safety Controls & Devices -> Source symbol: missing/pending -> Saved override: none -> Kite instrument master: no match/not supplied -> NSE/BSE verification: unresolved -> ISIN: MISSING -> Screener URL: SEARCH,DATA_PENDING,MISSING,SEARCH,55.0,Valuation Data Pending,DATA PENDING,DATA PENDING,SYMBOL REVIEW NEEDED,N/A,No order,30.0,DATA_GAP,Unverified listing; Symbol review; Financial data pending; Market cap data pending; Valuation data pending; Shareholding data pending,Symbol Review Needed,watch,https://www.screener.in/search/?q=Safety+Controls+%26+Devices,,https://www.ipoguru.in/sme-ipo-performance,2026-09-05T17:15:24
86,ABH Healthcare,ABH Healthcare,ABH Healthcare,ABH Healthcare,,,,SME,SME,₹99.00,102.0,OK,80.7,99.0,OK,80.7,OK,-2.94,-20.88,,,,-21.3,₹102.00,,,N/A,Healthcare/diagnostics,85.0,,,DATA UNAVAILABLE,0.0,"Quarterly score unavailable: revenue, EBITDA, and PAT growth are missing.",10.0,INSUFFICIENT_DATA,7.5,DATA_INSUFFICIENT,NOT_RUN,DATA_INSUFFICIENT,9.25,NOT_CALCULABLE,0.25%,SECURITY_IDENTITY_UNRESOLVED,identity; historical_market; annual_financials; quarterly_results; cash_flow; shareholding; valuation; business_disclosures; peer_data; market_cap; latest_annual_revenue; latest_annual_pat; latest_quarterly_results; debt; promoter_holding,,False,False,False,False,False,False,False,Financial Data Pending,55,SEARCH_ONLY,Clean company name: ABH Healthcare -> Source symbol: missing/pending -> Saved override: none -> Kite instrument master: no match/not supplied -> NSE/BSE verification: unresolved -> ISIN: MISSING -> Screener URL: SEARCH,DATA_PENDING,MISSING,SEARCH,55.0,Valuation Data Pending,DATA PENDING,DATA PENDING,SYMBOL REVIEW NEEDED,N/A,No order,30.0,DATA_GAP,Unverified listing; Symbol review; Financial data pending; Market cap data pending; Valuation data pending; Shareholding data pending,Symbol Review Needed,watch,https://www.screener.in/search/?q=ABH+Healthcare,,https://www.ipoguru.in/sme-ipo-performance,2026-09-05T17:15:24
87,Clay Craft India,Clay Craft India,Clay Craft India,Clay Craft India,,,,SME,SME,₹0.00,203.0,OK,159.4,,LISTING_PRICE_MISSING,159.4,OK,,-21.48,,,,-43.6,₹203.00,,,N/A,Manufacturing capex,85.0,,,DATA UNAVAILABLE,0.0,"Quarterly score unavailable: revenue, EBITDA, and PAT growth are missing.",10.0,INSUFFICIENT_DATA,7.5,DATA_INSUFFICIENT,NOT_RUN,DATA_INSUFFICIENT,9.25,NOT_CALCULABLE,0.25%,SECURITY_IDENTITY_UNRESOLVED,identity; historical_market; annual_financials; quarterly_results; cash_flow; shareholding; valuation; business_disclosures; peer_data; market_cap; latest_annual_revenue; latest_annual_pat; latest_quarterly_results; debt; promoter_holding,,False,False,False,False,False,False,False,Financial Data Pending,55,SEARCH_ONLY,Clean company name: Clay Craft India -> Source symbol: missing/pending -> Saved override: none -> Kite instrument master: no match/not supplied -> NSE/BSE verification: unresolved -> ISIN: MISSING -> Screener URL: SEARCH,DATA_PENDING,MISSING,SEARCH,55.0,Valuation Data Pending,DATA PENDING,DATA PENDING,SYMBOL REVIEW NEEDED,N/A,No order,30.0,DATA_GAP,Unverified listing; Symbol review; Financial data pending; Market cap data pending; Valuation data pending; Shareholding data pending,Symbol Review Needed,watch,https://www.screener.in/search/?q=Clay+Craft+India,,https://www.ipoguru.in/sme-ipo-performance,2026-09-05T17:15:24
88,Dhanwel Hybrid Seeds,Dhanwel Hybrid Seeds,Dhanwel Hybrid Seeds,Dhanwel Hybrid Seeds,,,,SME,SME,₹99.00,99.0,OK,76.62,99.0,OK,76.62,OK,0.0,-22.61,,,,-22.38,₹99.00,,,N/A,Manufacturing capex,85.0,,,DATA UNAVAILABLE,0.0,"Quarterly score unavailable: revenue, EBITDA, and PAT growth are missing.",10.0,INSUFFICIENT_DATA,7.5,DATA_INSUFFICIENT,NOT_RUN,DATA_INSUFFICIENT,9.25,NOT_CALCULABLE,0.25%,SECURITY_IDENTITY_UNRESOLVED,identity; historical_market; annual_financials; quarterly_results; cash_flow; shareholding; valuation; business_disclosures; peer_data; market_cap; latest_annual_revenue; latest_annual_pat; latest_quarterly_results; debt; promoter_holding,,False,False,False,False,False,False,False,Financial Data Pending,55,SEARCH_ONLY,Clean company name: Dhanwel Hybrid Seeds -> Source symbol: missing/pending -> Saved override: none -> Kite instrument master: no match/not supplied -> NSE/BSE verification: unresolved -> ISIN: MISSING -> Screener URL: SEARCH,DATA_PENDING,MISSING,SEARCH,55.0,Valuation Data Pending,DATA PENDING,DATA PENDING,SYMBOL REVIEW NEEDED,N/A,No order,30.0,DATA_GAP,Unverified listing; Symbol review; Financial data pending; Market cap data pending; Valuation data pending; Shareholding data pending,Symbol Review Needed,watch,https://www.screener.in/search/?q=Dhanwel+Hybrid+Seeds,,https://www.ipoguru.in/sme-ipo-performance,2026-09-05T17:15:24
89,Value 360 Communications,Value 360 Communications,Value 360 Communications,Value 360 Communications,,,,SME,SME,₹78.40,98.0,OK,74.0,78.4,OK,74.0,OK,-20.0,-24.49,,,,-24.0,₹98.00,,,N/A,Manufacturing capex,85.0,,,DATA UNAVAILABLE,0.0,"Quarterly score unavailable: revenue, EBITDA, and PAT growth are missing.",10.0,INSUFFICIENT_DATA,7.5,DATA_INSUFFICIENT,NOT_RUN,DATA_INSUFFICIENT,9.25,NOT_CALCULABLE,0.25%,SECURITY_IDENTITY_UNRESOLVED,identity; historical_market; annual_financials; quarterly_results; cash_flow; shareholding; valuation; business_disclosures; peer_data; market_cap; latest_annual_revenue; latest_annual_pat; latest_quarterly_results; debt; promoter_holding,,False,False,False,False,False,False,False,Financial Data Pending,55,SEARCH_ONLY,Clean company name: Value 360 Communications -> Source symbol: missing/pending -> Saved override: none -> Kite instrument master: no match/not supplied -> NSE/BSE verification: unresolved -> ISIN: MISSING -> Screener URL: SEARCH,DATA_PENDING,MISSING,SEARCH,55.0,Valuation Data Pending,DATA PENDING,DATA PENDING,SYMBOL REVIEW NEEDED,N/A,No order,30.0,DATA_GAP,Unverified listing; Symbol review; Financial data pending; Market cap data pending; Valuation data pending; Shareholding data pending,Symbol Review Needed,watch,https://www.screener.in/search/?q=Value+360+Communications,,https://www.ipoguru.in/sme-ipo-performance,2026-09-05T17:15:24
90,Utkal Speciality Industries India,Utkal Speciality Industries India,Utkal Speciality Industries India,Utkal Speciality Industries India,,,,SME,SME,₹66.00,66.0,OK,48.95,66.0,OK,48.95,OK,0.0,-25.83,,,,-17.05,₹66.00,,,N/A,Manufacturing capex,85.0,,,DATA UNAVAILABLE,0.0,"Quarterly score unavailable: revenue, EBITDA, and PAT growth are missing.",10.0,INSUFFICIENT_DATA,7.5,DATA_INSUFFICIENT,NOT_RUN,DATA_INSUFFICIENT,9.25,NOT_CALCULABLE,0.25%,SECURITY_IDENTITY_UNRESOLVED,identity; historical_market; annual_financials; quarterly_results; cash_flow; shareholding; valuation; business_disclosures; peer_data; market_cap; latest_annual_revenue; latest_annual_pat; latest_quarterly_results; debt; promoter_holding,,False,False,False,False,False,False,False,Financial Data Pending,55,SEARCH_ONLY,Clean company name: Utkal Speciality Industries India -> Source symbol: missing/pending -> Saved override: none -> Kite instrument master: no match/not supplied -> NSE/BSE verification: unresolved -> ISIN: MISSING -> Screener URL: SEARCH,DATA_PENDING,MISSING,SEARCH,55.0,Valuation Data Pending,DATA PENDING,DATA PENDING,SYMBOL REVIEW NEEDED,N/A,No order,30.0,DATA_GAP,Unverified listing; Symbol review; Financial data pending; Market cap data pending; Valuation data pending; Shareholding data pending,Symbol Review Needed,watch,https://www.screener.in/search/?q=Utkal+Speciality+Industries+India,,https://www.ipoguru.in/sme-ipo-performance,2026-09-05T17:15:24
91,Harikanta Overseas,Harikanta Overseas,Harikanta Overseas,Harikanta Overseas,,,,SME,SME,₹79.75,96.0,OK,69.8,79.75,OK,69.8,OK,-16.93,-27.29,,,,-26.2,₹96.00,,,N/A,Manufacturing capex,85.0,,,DATA UNAVAILABLE,0.0,"Quarterly score unavailable: revenue, EBITDA, and PAT growth are missing.",10.0,INSUFFICIENT_DATA,7.5,DATA_INSUFFICIENT,NOT_RUN,DATA_INSUFFICIENT,9.25,NOT_CALCULABLE,0.25%,SECURITY_IDENTITY_UNRESOLVED,identity; historical_market; annual_financials; quarterly_results; cash_flow; shareholding; valuation; business_disclosures; peer_data; market_cap; latest_annual_revenue; latest_annual_pat; latest_quarterly_results; debt; promoter_holding,,False,False,False,False,False,False,False,Financial Data Pending,55,SEARCH_ONLY,Clean company name: Harikanta Overseas -> Source symbol: missing/pending -> Saved override: none -> Kite instrument master: no match/not supplied -> NSE/BSE verification: unresolved -> ISIN: MISSING -> Screener URL: SEARCH,DATA_PENDING,MISSING,SEARCH,55.0,Valuation Data Pending,DATA PENDING,DATA PENDING,SYMBOL REVIEW NEEDED,N/A,No order,30.0,DATA_GAP,Unverified listing; Symbol review; Financial data pending; Market cap data pending; Valuation data pending; Shareholding data pending,Symbol Review Needed,watch,https://www.screener.in/search/?q=Harikanta+Overseas,,https://www.ipoguru.in/sme-ipo-performance,2026-09-05T17:15:24
92,SMR Jewels,SMR Jewels,SMR Jewels,SMR Jewels,,,,SME,SME,₹102.95,128.0,OK,92.5,102.95,OK,92.5,OK,-19.57,-27.73,,,,-35.5,₹128.00,,,N/A,Manufacturing capex,85.0,,,DATA UNAVAILABLE,0.0,"Quarterly score unavailable: revenue, EBITDA, and PAT growth are missing.",10.0,INSUFFICIENT_DATA,7.5,DATA_INSUFFICIENT,NOT_RUN,DATA_INSUFFICIENT,9.25,NOT_CALCULABLE,0.25%,SECURITY_IDENTITY_UNRESOLVED,identity; historical_market; annual_financials; quarterly_results; cash_flow; shareholding; valuation; business_disclosures; peer_data; market_cap; latest_annual_revenue; latest_annual_pat; latest_quarterly_results; debt; promoter_holding,,False,False,False,False,False,False,False,Financial Data Pending,55,SEARCH_ONLY,Clean company name: SMR Jewels -> Source symbol: missing/pending -> Saved override: none -> Kite instrument master: no match/not supplied -> NSE/BSE verification: unresolved -> ISIN: MISSING -> Screener URL: SEARCH,DATA_PENDING,MISSING,SEARCH,55.0,Valuation Data Pending,DATA PENDING,DATA PENDING,SYMBOL REVIEW NEEDED,N/A,No order,30.0,DATA_GAP,Unverified listing; Symbol review; Financial data pending; Market cap data pending; Valuation data pending; Shareholding data pending,Symbol Review Needed,watch,https://www.screener.in/search/?q=SMR+Jewels,,https://www.ipoguru.in/sme-ipo-performance,2026-09-05T17:15:24
93,H. R. HYGIENE PRODUCTS,H. R. HYGIENE PRODUCTS,H. R. HYGIENE PRODUCTS,H. R. HYGIENE PRODUCTS,,,,SME,SME,₹90.00,88.0,OK,62.0,90.0,OK,62.0,OK,2.27,-29.55,,,,-26.0,₹88.00,,,N/A,Manufacturing capex,85.0,,,DATA UNAVAILABLE,0.0,"Quarterly score unavailable: revenue, EBITDA, and PAT growth are missing.",10.0,INSUFFICIENT_DATA,7.5,DATA_INSUFFICIENT,NOT_RUN,DATA_INSUFFICIENT,9.25,NOT_CALCULABLE,0.25%,SECURITY_IDENTITY_UNRESOLVED,identity; historical_market; annual_financials; quarterly_results; cash_flow; shareholding; valuation; business_disclosures; peer_data; market_cap; latest_annual_revenue; latest_annual_pat; latest_quarterly_results; debt; promoter_holding,,False,False,False,False,False,False,False,Financial Data Pending,55,SEARCH_ONLY,Clean company name: H. R. HYGIENE PRODUCTS -> Source symbol: missing/pending -> Saved override: none -> Kite instrument master: no match/not supplied -> NSE/BSE verification: unresolved -> ISIN: MISSING -> Screener URL: SEARCH,DATA_PENDING,MISSING,SEARCH,55.0,Valuation Data Pending,DATA PENDING,DATA PENDING,SYMBOL REVIEW NEEDED,N/A,No order,30.0,DATA_GAP,Unverified listing; Symbol review; Financial data pending; Market cap data pending; Valuation data pending; Shareholding data pending,Symbol Review Needed,watch,https://www.screener.in/search/?q=H.+R.+HYGIENE+PRODUCTS,,https://www.ipoguru.in/sme-ipo-performance,2026-09-05T17:15:24
94,Advance Technoforge,Advance Technoforge,Advance Technoforge,Advance Technoforge,,,,SME,SME,₹94.00,95.0,OK,66.5,94.0,OK,66.5,OK,-1.05,-30.0,,,,-28.5,₹95.00,,,N/A,Manufacturing capex,85.0,,,DATA UNAVAILABLE,0.0,"Quarterly score unavailable: revenue, EBITDA, and PAT growth are missing.",10.0,INSUFFICIENT_DATA,7.5,DATA_INSUFFICIENT,NOT_RUN,DATA_INSUFFICIENT,9.25,NOT_CALCULABLE,0.25%,SECURITY_IDENTITY_UNRESOLVED,identity; historical_market; annual_financials; quarterly_results; cash_flow; shareholding; valuation; business_disclosures; peer_data; market_cap; latest_annual_revenue; latest_annual_pat; latest_quarterly_results; debt; promoter_holding,,False,False,False,False,False,False,False,Financial Data Pending,55,SEARCH_ONLY,Clean company name: Advance Technoforge -> Source symbol: missing/pending -> Saved override: none -> Kite instrument master: no match/not supplied -> NSE/BSE verification: unresolved -> ISIN: MISSING -> Screener URL: SEARCH,DATA_PENDING,MISSING,SEARCH,55.0,Valuation Data Pending,DATA PENDING,DATA PENDING,SYMBOL REVIEW NEEDED,N/A,No order,30.0,DATA_GAP,Unverified listing; Symbol review; Financial data pending; Market cap data pending; Valuation data pending; Shareholding data pending,Symbol Review Needed,watch,https://www.screener.in/search/?q=Advance+Technoforge,,https://www.ipoguru.in/sme-ipo-performance,2026-09-05T17:15:24
95,Manilam Industries,Manilam Industries,Manilam Industries,Manilam Industries,,,,SME,SME,₹55.20,69.0,OK,48.0,55.2,OK,48.0,OK,-20.0,-30.43,,,,-21.0,₹69.00,,,N/A,Manufacturing capex,85.0,,,DATA UNAVAILABLE,0.0,"Quarterly score unavailable: revenue, EBITDA, and PAT growth are missing.",10.0,INSUFFICIENT_DATA,7.5,DATA_INSUFFICIENT,NOT_RUN,DATA_INSUFFICIENT,9.25,NOT_CALCULABLE,0.25%,SECURITY_IDENTITY_UNRESOLVED,identity; historical_market; annual_financials; quarterly_results; cash_flow; shareholding; valuation; business_disclosures; peer_data; market_cap; latest_annual_revenue; latest_annual_pat; latest_quarterly_results; debt; promoter_holding,,False,False,False,False,False,False,False,Financial Data Pending,55,SEARCH_ONLY,Clean company name: Manilam Industries -> Source symbol: missing/pending -> Saved override: none -> Kite instrument master: no match/not supplied -> NSE/BSE verification: unresolved -> ISIN: MISSING -> Screener URL: SEARCH,DATA_PENDING,MISSING,SEARCH,55.0,Valuation Data Pending,DATA PENDING,DATA PENDING,SYMBOL REVIEW NEEDED,N/A,No order,30.0,DATA_GAP,Unverified listing; Symbol review; Financial data pending; Market cap data pending; Valuation data pending; Shareholding data pending,Symbol Review Needed,watch,https://www.screener.in/search/?q=Manilam+Industries,,https://www.ipoguru.in/sme-ipo-performance,2026-09-05T17:15:24
96,Genxai Analytics,Genxai Analytics,Genxai Analytics,Genxai Analytics,,,,SME,SME,₹0.00,116.0,OK,80.3,,LISTING_PRICE_MISSING,80.3,OK,,-30.78,,,,-35.7,₹116.00,,,N/A,Manufacturing capex,85.0,,,DATA UNAVAILABLE,0.0,"Quarterly score unavailable: revenue, EBITDA, and PAT growth are missing.",10.0,INSUFFICIENT_DATA,7.5,DATA_INSUFFICIENT,NOT_RUN,DATA_INSUFFICIENT,9.25,NOT_CALCULABLE,0.25%,SECURITY_IDENTITY_UNRESOLVED,identity; historical_market; annual_financials; quarterly_results; cash_flow; shareholding; valuation; business_disclosures; peer_data; market_cap; latest_annual_revenue; latest_annual_pat; latest_quarterly_results; debt; promoter_holding,,False,False,False,False,False,False,False,Financial Data Pending,55,SEARCH_ONLY,Clean company name: Genxai Analytics -> Source symbol: missing/pending -> Saved override: none -> Kite instrument master: no match/not supplied -> NSE/BSE verification: unresolved -> ISIN: MISSING -> Screener URL: SEARCH,DATA_PENDING,MISSING,SEARCH,55.0,Valuation Data Pending,DATA PENDING,DATA PENDING,SYMBOL REVIEW NEEDED,N/A,No order,30.0,DATA_GAP,Unverified listing; Symbol review; Financial data pending; Market cap data pending; Valuation data pending; Shareholding data pending,Symbol Review Needed,watch,https://www.screener.in/search/?q=Genxai+Analytics,,https://www.ipoguru.in/sme-ipo-performance,2026-09-05T17:15:24
97,Riyaasat Lifestyle,Riyaasat Lifestyle,Riyaasat Lifestyle,Riyaasat Lifestyle,,,,SME,SME,₹84.80,106.0,OK,70.35,84.8,OK,70.35,OK,-20.0,-33.63,,,,-35.65,₹106.00,,,N/A,Manufacturing capex,85.0,,,DATA UNAVAILABLE,0.0,"Quarterly score unavailable: revenue, EBITDA, and PAT growth are missing.",10.0,INSUFFICIENT_DATA,7.5,DATA_INSUFFICIENT,NOT_RUN,DATA_INSUFFICIENT,9.25,NOT_CALCULABLE,0.25%,SECURITY_IDENTITY_UNRESOLVED,identity; historical_market; annual_financials; quarterly_results; cash_flow; shareholding; valuation; business_disclosures; peer_data; market_cap; latest_annual_revenue; latest_annual_pat; latest_quarterly_results; debt; promoter_holding,,False,False,False,False,False,False,False,Financial Data Pending,55,SEARCH_ONLY,Clean company name: Riyaasat Lifestyle -> Source symbol: missing/pending -> Saved override: none -> Kite instrument master: no match/not supplied -> NSE/BSE verification: unresolved -> ISIN: MISSING -> Screener URL: SEARCH,DATA_PENDING,MISSING,SEARCH,55.0,Valuation Data Pending,DATA PENDING,DATA PENDING,SYMBOL REVIEW NEEDED,N/A,No order,30.0,DATA_GAP,Unverified listing; Symbol review; Financial data pending; Market cap data pending; Valuation data pending; Shareholding data pending,Symbol Review Needed,watch,https://www.screener.in/search/?q=Riyaasat+Lifestyle,,https://www.ipoguru.in/sme-ipo-performance,2026-09-05T17:15:24
98,Mopshop Distribution,Mopshop Distribution,Mopshop Distribution,Mopshop Distribution,,,,SME,SME,₹137.00,138.0,OK,91.05,137.0,OK,91.05,OK,-0.72,-34.02,,,,-46.95,₹138.00,,,N/A,Manufacturing capex,85.0,,,DATA UNAVAILABLE,0.0,"Quarterly score unavailable: revenue, EBITDA, and PAT growth are missing.",10.0,INSUFFICIENT_DATA,7.5,DATA_INSUFFICIENT,NOT_RUN,DATA_INSUFFICIENT,9.25,NOT_CALCULABLE,0.25%,SECURITY_IDENTITY_UNRESOLVED,identity; historical_market; annual_financials; quarterly_results; cash_flow; shareholding; valuation; business_disclosures; peer_data; market_cap; latest_annual_revenue; latest_annual_pat; latest_quarterly_results; debt; promoter_holding,,False,False,False,False,False,False,False,Financial Data Pending,55,SEARCH_ONLY,Clean company name: Mopshop Distribution -> Source symbol: missing/pending -> Saved override: none -> Kite instrument master: no match/not supplied -> NSE/BSE verification: unresolved -> ISIN: MISSING -> Screener URL: SEARCH,DATA_PENDING,MISSING,SEARCH,55.0,Valuation Data Pending,DATA PENDING,DATA PENDING,SYMBOL REVIEW NEEDED,N/A,No order,30.0,DATA_GAP,Unverified listing; Symbol review; Financial data pending; Market cap data pending; Valuation data pending; Shareholding data pending,Symbol Review Needed,watch,https://www.screener.in/search/?q=Mopshop+Distribution,,https://www.ipoguru.in/sme-ipo-performance,2026-09-05T17:15:24
99,PAN HR Solutions,PAN HR Solutions,PAN HR Solutions,PAN HR Solutions,,,,SME,SME,₹78.35,78.0,OK,49.99,78.35,OK,49.99,OK,0.45,-35.91,,,,-28.01,₹78.00,,,N/A,Manufacturing capex,85.0,,,DATA UNAVAILABLE,0.0,"Quarterly score unavailable: revenue, EBITDA, and PAT growth are missing.",10.0,INSUFFICIENT_DATA,7.5,DATA_INSUFFICIENT,NOT_RUN,DATA_INSUFFICIENT,9.25,NOT_CALCULABLE,0.25%,SECURITY_IDENTITY_UNRESOLVED,identity; historical_market; annual_financials; quarterly_results; cash_flow; shareholding; valuation; business_disclosures; peer_data; market_cap; latest_annual_revenue; latest_annual_pat; latest_quarterly_results; debt; promoter_holding,,False,False,False,False,False,False,False,Financial Data Pending,55,SEARCH_ONLY,Clean company name: PAN HR Solutions -> Source symbol: missing/pending -> Saved override: none -> Kite instrument master: no match/not supplied -> NSE/BSE verification: unresolved -> ISIN: MISSING -> Screener URL: SEARCH,DATA_PENDING,MISSING,SEARCH,55.0,Valuation Data Pending,DATA PENDING,DATA PENDING,SYMBOL REVIEW NEEDED,N/A,No order,30.0,DATA_GAP,Unverified listing; Symbol review; Financial data pending; Market cap data pending; Valuation data pending; Shareholding data pending,Symbol Review Needed,watch,https://www.screener.in/search/?q=PAN+HR+Solutions,,https://www.ipoguru.in/sme-ipo-performance,2026-09-05T17:15:24
100,Anubhav Plast,Anubhav Plast,Anubhav Plast,Anubhav Plast,,,,SME,SME,₹80.00,80.0,OK,48.0,80.0,OK,48.0,OK,0.0,-40.0,,,,-32.0,₹80.00,,,N/A,Manufacturing capex,85.0,,,DATA UNAVAILABLE,0.0,"Quarterly score unavailable: revenue, EBITDA, and PAT growth are missing.",10.0,INSUFFICIENT_DATA,7.5,DATA_INSUFFICIENT,NOT_RUN,DATA_INSUFFICIENT,9.25,NOT_CALCULABLE,0.25%,SECURITY_IDENTITY_UNRESOLVED,identity; historical_market; annual_financials; quarterly_results; cash_flow; shareholding; valuation; business_disclosures; peer_data; market_cap; latest_annual_revenue; latest_annual_pat; latest_quarterly_results; debt; promoter_holding,,False,False,False,False,False,False,False,Financial Data Pending,55,SEARCH_ONLY,Clean company name: Anubhav Plast -> Source symbol: missing/pending -> Saved override: none -> Kite instrument master: no match/not supplied -> NSE/BSE verification: unresolved -> ISIN: MISSING -> Screener URL: SEARCH,DATA_PENDING,MISSING,SEARCH,55.0,Valuation Data Pending,DATA PENDING,DATA PENDING,SYMBOL REVIEW NEEDED,N/A,No order,30.0,DATA_GAP,Unverified listing; Symbol review; Financial data pending; Market cap data pending; Valuation data pending; Shareholding data pending,Symbol Review Needed,watch,https://www.screener.in/search/?q=Anubhav+Plast,,https://www.ipoguru.in/sme-ipo-performance,2026-09-05T17:15:24
101,Aureate Tradde,Aureate Tradde,Aureate Tradde,Aureate Tradde,,,,SME,SME,₹70.00,70.0,OK,39.21,70.0,OK,39.21,OK,0.0,-43.99,,,,-30.79,₹70.00,,,N/A,Manufacturing capex,85.0,,,DATA UNAVAILABLE,0.0,"Quarterly score unavailable: revenue, EBITDA, and PAT growth are missing.",10.0,INSUFFICIENT_DATA,7.5,DATA_INSUFFICIENT,NOT_RUN,DATA_INSUFFICIENT,9.25,NOT_CALCULABLE,0.25%,SECURITY_IDENTITY_UNRESOLVED,identity; historical_market; annual_financials; quarterly_results; cash_flow; shareholding; valuation; business_disclosures; peer_data; market_cap; latest_annual_revenue; latest_annual_pat; latest_quarterly_results; debt; promoter_holding,,False,False,False,False,False,False,False,Financial Data Pending,55,SEARCH_ONLY,Clean company name: Aureate Tradde -> Source symbol: missing/pending -> Saved override: none -> Kite instrument master: no match/not supplied -> NSE/BSE verification: unresolved -> ISIN: MISSING -> Screener URL: SEARCH,DATA_PENDING,MISSING,SEARCH,55.0,Valuation Data Pending,DATA PENDING,DATA PENDING,SYMBOL REVIEW NEEDED,N/A,No order,30.0,DATA_GAP,Unverified listing; Symbol review; Financial data pending; Market cap data pending; Valuation data pending; Shareholding data pending,Symbol Review Needed,watch,https://www.screener.in/search/?q=Aureate+Tradde,,https://www.ipoguru.in/sme-ipo-performance,2026-09-05T17:15:24
102,Modern Diagnostic & Research Centre,Modern Diagnostic & Research Centre,Modern Diagnostic & Research Centre,Modern Diagnostic & Research Centre,,,,SME,SME,₹90.00,90.0,OK,49.99,90.0,OK,49.99,OK,0.0,-44.46,,,,-40.01,₹90.00,,,N/A,Healthcare/diagnostics,85.0,,,DATA UNAVAILABLE,0.0,"Quarterly score unavailable: revenue, EBITDA, and PAT growth are missing.",10.0,INSUFFICIENT_DATA,7.5,DATA_INSUFFICIENT,NOT_RUN,DATA_INSUFFICIENT,9.25,NOT_CALCULABLE,0.25%,SECURITY_IDENTITY_UNRESOLVED,identity; historical_market; annual_financials; quarterly_results; cash_flow; shareholding; valuation; business_disclosures; peer_data; market_cap; latest_annual_revenue; latest_annual_pat; latest_quarterly_results; debt; promoter_holding,,False,False,False,False,False,False,False,Financial Data Pending,55,SEARCH_ONLY,Clean company name: Modern Diagnostic & Research Centre -> Source symbol: missing/pending -> Saved override: none -> Kite instrument master: no match/not supplied -> NSE/BSE verification: unresolved -> ISIN: MISSING -> Screener URL: SEARCH,DATA_PENDING,MISSING,SEARCH,55.0,Valuation Data Pending,DATA PENDING,DATA PENDING,SYMBOL REVIEW NEEDED,N/A,No order,30.0,DATA_GAP,Unverified listing; Symbol review; Financial data pending; Market cap data pending; Valuation data pending; Shareholding data pending,Symbol Review Needed,watch,https://www.screener.in/search/?q=Modern+Diagnostic+%26+Research+Centre,,https://www.ipoguru.in/sme-ipo-performance,2026-09-05T17:15:24
103,M R Maniveni Foods,M R Maniveni Foods,M R Maniveni Foods,M R Maniveni Foods,,,,SME,SME,₹42.55,52.0,OK,28.0,42.55,OK,28.0,OK,-18.17,-46.15,,,,-24.0,₹52.00,,,N/A,Consumer premiumization,85.0,,,DATA UNAVAILABLE,0.0,"Quarterly score unavailable: revenue, EBITDA, and PAT growth are missing.",10.0,INSUFFICIENT_DATA,7.5,DATA_INSUFFICIENT,NOT_RUN,DATA_INSUFFICIENT,9.25,NOT_CALCULABLE,0.25%,SECURITY_IDENTITY_UNRESOLVED,identity; historical_market; annual_financials; quarterly_results; cash_flow; shareholding; valuation; business_disclosures; peer_data; market_cap; latest_annual_revenue; latest_annual_pat; latest_quarterly_results; debt; promoter_holding,,False,False,False,False,False,False,False,Financial Data Pending,55,SEARCH_ONLY,Clean company name: M R Maniveni Foods -> Source symbol: missing/pending -> Saved override: none -> Kite instrument master: no match/not supplied -> NSE/BSE verification: unresolved -> ISIN: MISSING -> Screener URL: SEARCH,DATA_PENDING,MISSING,SEARCH,55.0,Valuation Data Pending,DATA PENDING,DATA PENDING,SYMBOL REVIEW NEEDED,N/A,No order,30.0,DATA_GAP,Unverified listing; Symbol review; Financial data pending; Market cap data pending; Valuation data pending; Shareholding data pending,Symbol Review Needed,watch,https://www.screener.in/search/?q=M+R+Maniveni+Foods,,https://www.ipoguru.in/sme-ipo-performance,2026-09-05T17:15:24
104,Sham Foam,Sham Foam,Sham Foam,Sham Foam,,,,SME,SME,₹104.00,130.0,OK,68.9,104.0,OK,68.9,OK,-20.0,-47.0,,,,-61.1,₹130.00,,,N/A,Manufacturing capex,85.0,,,DATA UNAVAILABLE,0.0,"Quarterly score unavailable: revenue, EBITDA, and PAT growth are missing.",10.0,INSUFFICIENT_DATA,7.5,DATA_INSUFFICIENT,NOT_RUN,DATA_INSUFFICIENT,9.25,NOT_CALCULABLE,0.25%,SECURITY_IDENTITY_UNRESOLVED,identity; historical_market; annual_financials; quarterly_results; cash_flow; shareholding; valuation; business_disclosures; peer_data; market_cap; latest_annual_revenue; latest_annual_pat; latest_quarterly_results; debt; promoter_holding,,False,False,False,False,False,False,False,Financial Data Pending,55,SEARCH_ONLY,Clean company name: Sham Foam -> Source symbol: missing/pending -> Saved override: none -> Kite instrument master: no match/not supplied -> NSE/BSE verification: unresolved -> ISIN: MISSING -> Screener URL: SEARCH,DATA_PENDING,MISSING,SEARCH,55.0,Valuation Data Pending,DATA PENDING,DATA PENDING,SYMBOL REVIEW NEEDED,N/A,No order,30.0,DATA_GAP,Unverified listing; Symbol review; Financial data pending; Market cap data pending; Valuation data pending; Shareholding data pending,Symbol Review Needed,watch,https://www.screener.in/search/?q=Sham+Foam,,https://www.ipoguru.in/sme-ipo-performance,2026-09-05T17:15:24
105,Skytech Infinite Platform,Skytech Infinite Platform,Skytech Infinite Platform,Skytech Infinite Platform,,,,SME,SME,₹74.00,77.0,OK,40.05,74.0,OK,40.05,OK,-3.9,-47.99,,,,-36.95,₹77.00,,,N/A,Manufacturing capex,85.0,,,DATA UNAVAILABLE,0.0,"Quarterly score unavailable: revenue, EBITDA, and PAT growth are missing.",10.0,INSUFFICIENT_DATA,7.5,DATA_INSUFFICIENT,NOT_RUN,DATA_INSUFFICIENT,9.25,NOT_CALCULABLE,0.25%,SECURITY_IDENTITY_UNRESOLVED,identity; historical_market; annual_financials; quarterly_results; cash_flow; shareholding; valuation; business_disclosures; peer_data; market_cap; latest_annual_revenue; latest_annual_pat; latest_quarterly_results; debt; promoter_holding,,False,False,False,False,False,False,False,Financial Data Pending,55,SEARCH_ONLY,Clean company name: Skytech Infinite Platform -> Source symbol: missing/pending -> Saved override: none -> Kite instrument master: no match/not supplied -> NSE/BSE verification: unresolved -> ISIN: MISSING -> Screener URL: SEARCH,DATA_PENDING,MISSING,SEARCH,55.0,Valuation Data Pending,DATA PENDING,DATA PENDING,SYMBOL REVIEW NEEDED,N/A,No order,30.0,DATA_GAP,Unverified listing; Symbol review; Financial data pending; Market cap data pending; Valuation data pending; Shareholding data pending,Symbol Review Needed,watch,https://www.screener.in/search/?q=Skytech+Infinite+Platform,,https://www.ipoguru.in/sme-ipo-performance,2026-09-05T17:15:24
106,Yashhtej Industries,Yashhtej Industries,Yashhtej Industries,Yashhtej Industries,,,,SME,SME,₹88.00,110.0,OK,56.0,88.0,OK,56.0,OK,-20.0,-49.09,,,,-54.0,₹110.00,,,N/A,Manufacturing capex,85.0,,,DATA UNAVAILABLE,0.0,"Quarterly score unavailable: revenue, EBITDA, and PAT growth are missing.",10.0,INSUFFICIENT_DATA,7.5,DATA_INSUFFICIENT,NOT_RUN,DATA_INSUFFICIENT,9.25,NOT_CALCULABLE,0.25%,SECURITY_IDENTITY_UNRESOLVED,identity; historical_market; annual_financials; quarterly_results; cash_flow; shareholding; valuation; business_disclosures; peer_data; market_cap; latest_annual_revenue; latest_annual_pat; latest_quarterly_results; debt; promoter_holding,,False,False,False,False,False,False,False,Financial Data Pending,55,SEARCH_ONLY,Clean company name: Yashhtej Industries -> Source symbol: missing/pending -> Saved override: none -> Kite instrument master: no match/not supplied -> NSE/BSE verification: unresolved -> ISIN: MISSING -> Screener URL: SEARCH,DATA_PENDING,MISSING,SEARCH,55.0,Valuation Data Pending,DATA PENDING,DATA PENDING,SYMBOL REVIEW NEEDED,N/A,No order,30.0,DATA_GAP,Unverified listing; Symbol review; Financial data pending; Market cap data pending; Valuation data pending; Shareholding data pending,Symbol Review Needed,watch,https://www.screener.in/search/?q=Yashhtej+Industries,,https://www.ipoguru.in/sme-ipo-performance,2026-09-05T17:15:24
107,Rajnandini Fashion India,Rajnandini Fashion India,Rajnandini Fashion India,Rajnandini Fashion India,,,,SME,SME,₹63.00,63.0,OK,31.05,63.0,OK,31.05,OK,0.0,-50.71,,,,-31.95,₹63.00,,,N/A,Manufacturing capex,85.0,,,DATA UNAVAILABLE,0.0,"Quarterly score unavailable: revenue, EBITDA, and PAT growth are missing.",10.0,INSUFFICIENT_DATA,7.5,DATA_INSUFFICIENT,NOT_RUN,DATA_INSUFFICIENT,9.25,NOT_CALCULABLE,0.25%,SECURITY_IDENTITY_UNRESOLVED,identity; historical_market; annual_financials; quarterly_results; cash_flow; shareholding; valuation; business_disclosures; peer_data; market_cap; latest_annual_revenue; latest_annual_pat; latest_quarterly_results; debt; promoter_holding,,False,False,False,False,False,False,False,Financial Data Pending,55,SEARCH_ONLY,Clean company name: Rajnandini Fashion India -> Source symbol: missing/pending -> Saved override: none -> Kite instrument master: no match/not supplied -> NSE/BSE verification: unresolved -> ISIN: MISSING -> Screener URL: SEARCH,DATA_PENDING,MISSING,SEARCH,55.0,Valuation Data Pending,DATA PENDING,DATA PENDING,SYMBOL REVIEW NEEDED,N/A,No order,30.0,DATA_GAP,Unverified listing; Symbol review; Financial data pending; Market cap data pending; Valuation data pending; Shareholding data pending,Symbol Review Needed,watch,https://www.screener.in/search/?q=Rajnandini+Fashion+India,,https://www.ipoguru.in/sme-ipo-performance,2026-09-05T17:15:24
108,Fascinate Textiles,Fascinate Textiles,Fascinate Textiles,Fascinate Textiles,,,,SME,SME,₹120.80,151.0,OK,72.55,120.8,OK,72.55,OK,-20.0,-51.95,,,,-78.45,₹151.00,,,N/A,Manufacturing capex,85.0,,,DATA UNAVAILABLE,0.0,"Quarterly score unavailable: revenue, EBITDA, and PAT growth are missing.",10.0,INSUFFICIENT_DATA,7.5,DATA_INSUFFICIENT,NOT_RUN,DATA_INSUFFICIENT,9.25,NOT_CALCULABLE,0.25%,SECURITY_IDENTITY_UNRESOLVED,identity; historical_market; annual_financials; quarterly_results; cash_flow; shareholding; valuation; business_disclosures; peer_data; market_cap; latest_annual_revenue; latest_annual_pat; latest_quarterly_results; debt; promoter_holding,,False,False,False,False,False,False,False,Financial Data Pending,55,SEARCH_ONLY,Clean company name: Fascinate Textiles -> Source symbol: missing/pending -> Saved override: none -> Kite instrument master: no match/not supplied -> NSE/BSE verification: unresolved -> ISIN: MISSING -> Screener URL: SEARCH,DATA_PENDING,MISSING,SEARCH,55.0,Valuation Data Pending,DATA PENDING,DATA PENDING,SYMBOL REVIEW NEEDED,N/A,No order,30.0,DATA_GAP,Unverified listing; Symbol review; Financial data pending; Market cap data pending; Valuation data pending; Shareholding data pending,Symbol Review Needed,watch,https://www.screener.in/search/?q=Fascinate+Textiles,,https://www.ipoguru.in/sme-ipo-performance,2026-09-05T17:15:24
109,Q&T Foods,Q&T Foods,Q&T Foods,Q&T Foods,,,,SME,SME,₹115.00,115.0,OK,50.32,115.0,OK,50.32,OK,0.0,-56.24,,,,-64.68,₹115.00,,,N/A,Consumer premiumization,85.0,,,DATA UNAVAILABLE,0.0,"Quarterly score unavailable: revenue, EBITDA, and PAT growth are missing.",10.0,INSUFFICIENT_DATA,7.5,DATA_INSUFFICIENT,NOT_RUN,DATA_INSUFFICIENT,9.25,NOT_CALCULABLE,0.25%,SECURITY_IDENTITY_UNRESOLVED,identity; historical_market; annual_financials; quarterly_results; cash_flow; shareholding; valuation; business_disclosures; peer_data; market_cap; latest_annual_revenue; latest_annual_pat; latest_quarterly_results; debt; promoter_holding,,False,False,False,False,False,False,False,Financial Data Pending,55,SEARCH_ONLY,Clean company name: Q&T Foods -> Source symbol: missing/pending -> Saved override: none -> Kite instrument master: no match/not supplied -> NSE/BSE verification: unresolved -> ISIN: MISSING -> Screener URL: SEARCH,DATA_PENDING,MISSING,SEARCH,55.0,Valuation Data Pending,DATA PENDING,DATA PENDING,SYMBOL REVIEW NEEDED,N/A,No order,30.0,DATA_GAP,Unverified listing; Symbol review; Financial data pending; Market cap data pending; Valuation data pending; Shareholding data pending,Symbol Review Needed,watch,https://www.screener.in/search/?q=Q%26T+Foods,,https://www.ipoguru.in/sme-ipo-performance,2026-09-05T17:15:24
110,Biopol Chemicals,Biopol Chemicals,Biopol Chemicals,Biopol Chemicals,,,,SME,SME,₹111.00,108.0,OK,45.75,111.0,OK,45.75,OK,2.78,-57.64,,,,-62.25,₹108.00,,,N/A,Specialty chemicals,85.0,,,DATA UNAVAILABLE,0.0,"Quarterly score unavailable: revenue, EBITDA, and PAT growth are missing.",10.0,INSUFFICIENT_DATA,7.5,DATA_INSUFFICIENT,NOT_RUN,DATA_INSUFFICIENT,9.25,NOT_CALCULABLE,0.25%,SECURITY_IDENTITY_UNRESOLVED,identity; historical_market; annual_financials; quarterly_results; cash_flow; shareholding; valuation; business_disclosures; peer_data; market_cap; latest_annual_revenue; latest_annual_pat; latest_quarterly_results; debt; promoter_holding,,False,False,False,False,False,False,False,Financial Data Pending,55,SEARCH_ONLY,Clean company name: Biopol Chemicals -> Source symbol: missing/pending -> Saved override: none -> Kite instrument master: no match/not supplied -> NSE/BSE verification: unresolved -> ISIN: MISSING -> Screener URL: SEARCH,DATA_PENDING,MISSING,SEARCH,55.0,Valuation Data Pending,DATA PENDING,DATA PENDING,SYMBOL REVIEW NEEDED,N/A,No order,30.0,DATA_GAP,Unverified listing; Symbol review; Financial data pending; Market cap data pending; Valuation data pending; Shareholding data pending,Symbol Review Needed,watch,https://www.screener.in/search/?q=Biopol+Chemicals,,https://www.ipoguru.in/sme-ipo-performance,2026-09-05T17:15:24
111,Jivial Industries,Jivial Industries,Jivial Industries,Jivial Industries,,,,SME,SME,₹156.80,196.0,OK,79.9,156.8,OK,79.9,OK,-20.0,-59.23,,,,-116.1,₹196.00,,,N/A,Manufacturing capex,85.0,,,DATA UNAVAILABLE,0.0,"Quarterly score unavailable: revenue, EBITDA, and PAT growth are missing.",10.0,INSUFFICIENT_DATA,7.5,DATA_INSUFFICIENT,NOT_RUN,DATA_INSUFFICIENT,9.25,NOT_CALCULABLE,0.25%,SECURITY_IDENTITY_UNRESOLVED,identity; historical_market; annual_financials; quarterly_results; cash_flow; shareholding; valuation; business_disclosures; peer_data; market_cap; latest_annual_revenue; latest_annual_pat; latest_quarterly_results; debt; promoter_holding,,False,False,False,False,False,False,False,Financial Data Pending,55,SEARCH_ONLY,Clean company name: Jivial Industries -> Source symbol: missing/pending -> Saved override: none -> Kite instrument master: no match/not supplied -> NSE/BSE verification: unresolved -> ISIN: MISSING -> Screener URL: SEARCH,DATA_PENDING,MISSING,SEARCH,55.0,Valuation Data Pending,DATA PENDING,DATA PENDING,SYMBOL REVIEW NEEDED,N/A,No order,30.0,DATA_GAP,Unverified listing; Symbol review; Financial data pending; Market cap data pending; Valuation data pending; Shareholding data pending,Symbol Review Needed,watch,https://www.screener.in/search/?q=Jivial+Industries,,https://www.ipoguru.in/sme-ipo-performance,2026-09-05T17:15:24
112,Victory Electric Vehicles Internati...,Victory Electric Vehicles Internati...,Victory Electric Vehicles Internati...,Victory Electric Vehicles Internati...,,,,SME,SME,₹34.45,41.0,OK,15.65,34.45,OK,15.65,OK,-15.98,-61.83,,,,-25.35,₹41.00,,,N/A,Manufacturing capex,85.0,,,DATA UNAVAILABLE,0.0,"Quarterly score unavailable: revenue, EBITDA, and PAT growth are missing.",10.0,INSUFFICIENT_DATA,7.5,DATA_INSUFFICIENT,NOT_RUN,DATA_INSUFFICIENT,9.25,NOT_CALCULABLE,0.25%,SECURITY_IDENTITY_UNRESOLVED,identity; historical_market; annual_financials; quarterly_results; cash_flow; shareholding; valuation; business_disclosures; peer_data; market_cap; latest_annual_revenue; latest_annual_pat; latest_quarterly_results; debt; promoter_holding,,False,False,False,False,False,False,False,Financial Data Pending,55,SEARCH_ONLY,Clean company name: Victory Electric Vehicles Internati... -> Source symbol: missing/pending -> Saved override: none -> Kite instrument master: no match/not supplied -> NSE/BSE verification: unresolved -> ISIN: MISSING -> Screener URL: SEARCH,DATA_PENDING,MISSING,SEARCH,55.0,Valuation Data Pending,DATA PENDING,DATA PENDING,SYMBOL REVIEW NEEDED,N/A,No order,30.0,DATA_GAP,Unverified listing; Symbol review; Financial data pending; Market cap data pending; Valuation data pending; Shareholding data pending,Symbol Review Needed,watch,https://www.screener.in/search/?q=Victory+Electric+Vehicles+Internati...,,https://www.ipoguru.in/sme-ipo-performance,2026-09-05T17:15:24
113,NFP Sampoorna Foods,NFP Sampoorna Foods,NFP Sampoorna Foods,NFP Sampoorna Foods,,,,SME,SME,₹54.50,55.0,OK,20.6,54.5,OK,20.6,OK,-0.91,-62.55,,,,-34.4,₹55.00,,,N/A,Consumer premiumization,85.0,,,DATA UNAVAILABLE,0.0,"Quarterly score unavailable: revenue, EBITDA, and PAT growth are missing.",10.0,INSUFFICIENT_DATA,7.5,DATA_INSUFFICIENT,NOT_RUN,DATA_INSUFFICIENT,9.25,NOT_CALCULABLE,0.25%,SECURITY_IDENTITY_UNRESOLVED,identity; historical_market; annual_financials; quarterly_results; cash_flow; shareholding; valuation; business_disclosures; peer_data; market_cap; latest_annual_revenue; latest_annual_pat; latest_quarterly_results; debt; promoter_holding,,False,False,False,False,False,False,False,Financial Data Pending,55,SEARCH_ONLY,Clean company name: NFP Sampoorna Foods -> Source symbol: missing/pending -> Saved override: none -> Kite instrument master: no match/not supplied -> NSE/BSE verification: unresolved -> ISIN: MISSING -> Screener URL: SEARCH,DATA_PENDING,MISSING,SEARCH,55.0,Valuation Data Pending,DATA PENDING,DATA PENDING,SYMBOL REVIEW NEEDED,N/A,No order,30.0,DATA_GAP,Unverified listing; Symbol review; Financial data pending; Market cap data pending; Valuation data pending; Shareholding data pending,Symbol Review Needed,watch,https://www.screener.in/search/?q=NFP+Sampoorna+Foods,,https://www.ipoguru.in/sme-ipo-performance,2026-09-05T17:15:24
114,Vinit Mobile,Vinit Mobile,Vinit Mobile,Vinit Mobile,,,,SME,SME,₹0.00,158.0,OK,58.85,,LISTING_PRICE_MISSING,58.85,OK,,-62.75,,,,-99.15,₹158.00,,,N/A,Manufacturing capex,85.0,,,DATA UNAVAILABLE,0.0,"Quarterly score unavailable: revenue, EBITDA, and PAT growth are missing.",10.0,INSUFFICIENT_DATA,7.5,DATA_INSUFFICIENT,NOT_RUN,DATA_INSUFFICIENT,9.25,NOT_CALCULABLE,0.25%,SECURITY_IDENTITY_UNRESOLVED,identity; historical_market; annual_financials; quarterly_results; cash_flow; shareholding; valuation; business_disclosures; peer_data; market_cap; latest_annual_revenue; latest_annual_pat; latest_quarterly_results; debt; promoter_holding,,False,False,False,False,False,False,False,Financial Data Pending,55,SEARCH_ONLY,Clean company name: Vinit Mobile -> Source symbol: missing/pending -> Saved override: none -> Kite instrument master: no match/not supplied -> NSE/BSE verification: unresolved -> ISIN: MISSING -> Screener URL: SEARCH,DATA_PENDING,MISSING,SEARCH,55.0,Valuation Data Pending,DATA PENDING,DATA PENDING,SYMBOL REVIEW NEEDED,N/A,No order,30.0,DATA_GAP,Unverified listing; Symbol review; Financial data pending; Market cap data pending; Valuation data pending; Shareholding data pending,Symbol Review Needed,watch,https://www.screener.in/search/?q=Vinit+Mobile,,https://www.ipoguru.in/sme-ipo-performance,2026-09-05T17:15:24
115,Seemax Resources,Seemax Resources,Seemax Resources,Seemax Resources,,,,SME,SME,₹112.80,141.0,OK,51.15,112.8,OK,51.15,OK,-20.0,-63.72,,,,-89.85,₹141.00,,,N/A,Manufacturing capex,85.0,,,DATA UNAVAILABLE,0.0,"Quarterly score unavailable: revenue, EBITDA, and PAT growth are missing.",10.0,INSUFFICIENT_DATA,7.5,DATA_INSUFFICIENT,NOT_RUN,DATA_INSUFFICIENT,9.25,NOT_CALCULABLE,0.25%,SECURITY_IDENTITY_UNRESOLVED,identity; historical_market; annual_financials; quarterly_results; cash_flow; shareholding; valuation; business_disclosures; peer_data; market_cap; latest_annual_revenue; latest_annual_pat; latest_quarterly_results; debt; promoter_holding,,False,False,False,False,False,False,False,Financial Data Pending,55,SEARCH_ONLY,Clean company name: Seemax Resources -> Source symbol: missing/pending -> Saved override: none -> Kite instrument master: no match/not supplied -> NSE/BSE verification: unresolved -> ISIN: MISSING -> Screener URL: SEARCH,DATA_PENDING,MISSING,SEARCH,55.0,Valuation Data Pending,DATA PENDING,DATA PENDING,SYMBOL REVIEW NEEDED,N/A,No order,30.0,DATA_GAP,Unverified listing; Symbol review; Financial data pending; Market cap data pending; Valuation data pending; Shareholding data pending,Symbol Review Needed,watch,https://www.screener.in/search/?q=Seemax+Resources,,https://www.ipoguru.in/sme-ipo-performance,2026-09-05T17:15:24
116,Gulf Lloyds (India),Gulf Lloyds (India),Gulf Lloyds (India),Gulf Lloyds (India),,,,SME,SME,₹100.00,100.0,OK,34.23,100.0,OK,34.23,OK,0.0,-65.77,,,,-65.77,₹100.00,,,N/A,Manufacturing capex,85.0,,,DATA UNAVAILABLE,0.0,"Quarterly score unavailable: revenue, EBITDA, and PAT growth are missing.",10.0,INSUFFICIENT_DATA,7.5,DATA_INSUFFICIENT,NOT_RUN,DATA_INSUFFICIENT,9.25,NOT_CALCULABLE,0.25%,SECURITY_IDENTITY_UNRESOLVED,identity; historical_market; annual_financials; quarterly_results; cash_flow; shareholding; valuation; business_disclosures; peer_data; market_cap; latest_annual_revenue; latest_annual_pat; latest_quarterly_results; debt; promoter_holding,,False,False,False,False,False,False,False,Financial Data Pending,55,SEARCH_ONLY,Clean company name: Gulf Lloyds (India) -> Source symbol: missing/pending -> Saved override: none -> Kite instrument master: no match/not supplied -> NSE/BSE verification: unresolved -> ISIN: MISSING -> Screener URL: SEARCH,DATA_PENDING,MISSING,SEARCH,55.0,Valuation Data Pending,DATA PENDING,DATA PENDING,SYMBOL REVIEW NEEDED,N/A,No order,30.0,DATA_GAP,Unverified listing; Symbol review; Financial data pending; Market cap data pending; Valuation data pending; Shareholding data pending,Symbol Review Needed,watch,https://www.screener.in/search/?q=Gulf+Lloyds+%28India%29,,https://www.ipoguru.in/sme-ipo-performance,2026-09-05T17:15:24
117,Armour Security,Armour Security,Armour Security,Armour Security,,,,SME,SME,₹57.00,57.0,OK,18.0,57.0,OK,18.0,OK,0.0,-68.42,,,,-39.0,₹57.00,,,N/A,Manufacturing capex,85.0,,,DATA UNAVAILABLE,0.0,"Quarterly score unavailable: revenue, EBITDA, and PAT growth are missing.",10.0,INSUFFICIENT_DATA,7.5,DATA_INSUFFICIENT,NOT_RUN,DATA_INSUFFICIENT,9.25,NOT_CALCULABLE,0.25%,SECURITY_IDENTITY_UNRESOLVED,identity; historical_market; annual_financials; quarterly_results; cash_flow; shareholding; valuation; business_disclosures; peer_data; market_cap; latest_annual_revenue; latest_annual_pat; latest_quarterly_results; debt; promoter_holding,,False,False,False,False,False,False,False,Financial Data Pending,55,SEARCH_ONLY,Clean company name: Armour Security -> Source symbol: missing/pending -> Saved override: none -> Kite instrument master: no match/not supplied -> NSE/BSE verification: unresolved -> ISIN: MISSING -> Screener URL: SEARCH,DATA_PENDING,MISSING,SEARCH,55.0,Valuation Data Pending,DATA PENDING,DATA PENDING,SYMBOL REVIEW NEEDED,N/A,No order,30.0,DATA_GAP,Unverified listing; Symbol review; Financial data pending; Market cap data pending; Valuation data pending; Shareholding data pending,Symbol Review Needed,watch,https://www.screener.in/search/?q=Armour+Security,,https://www.ipoguru.in/sme-ipo-performance,2026-09-05T17:15:24
118,Kanishk Aluminium,Kanishk Aluminium,Kanishk Aluminium,Kanishk Aluminium,,,,SME,SME,₹58.40,73.0,OK,22.8,58.4,OK,22.8,OK,-20.0,-68.77,,,,-50.2,₹73.00,,,N/A,Manufacturing capex,85.0,,,DATA UNAVAILABLE,0.0,"Quarterly score unavailable: revenue, EBITDA, and PAT growth are missing.",10.0,INSUFFICIENT_DATA,7.5,DATA_INSUFFICIENT,NOT_RUN,DATA_INSUFFICIENT,9.25,NOT_CALCULABLE,0.25%,SECURITY_IDENTITY_UNRESOLVED,identity; historical_market; annual_financials; quarterly_results; cash_flow; shareholding; valuation; business_disclosures; peer_data; market_cap; latest_annual_revenue; latest_annual_pat; latest_quarterly_results; debt; promoter_holding,,False,False,False,False,False,False,False,Financial Data Pending,55,SEARCH_ONLY,Clean company name: Kanishk Aluminium -> Source symbol: missing/pending -> Saved override: none -> Kite instrument master: no match/not supplied -> NSE/BSE verification: unresolved -> ISIN: MISSING -> Screener URL: SEARCH,DATA_PENDING,MISSING,SEARCH,55.0,Valuation Data Pending,DATA PENDING,DATA PENDING,SYMBOL REVIEW NEEDED,N/A,No order,30.0,DATA_GAP,Unverified listing; Symbol review; Financial data pending; Market cap data pending; Valuation data pending; Shareholding data pending,Symbol Review Needed,watch,https://www.screener.in/search/?q=Kanishk+Aluminium,,https://www.ipoguru.in/sme-ipo-performance,2026-09-05T17:15:24
119,Liotech Industries,Liotech Industries,Liotech Industries,Liotech Industries,,,,SME,SME,₹257.00,321.0,OK,92.5,257.0,OK,92.5,OK,-19.94,-71.18,,,,-228.5,₹321.00,,,N/A,Manufacturing capex,85.0,,,DATA UNAVAILABLE,0.0,"Quarterly score unavailable: revenue, EBITDA, and PAT growth are missing.",10.0,INSUFFICIENT_DATA,7.5,DATA_INSUFFICIENT,NOT_RUN,DATA_INSUFFICIENT,9.25,NOT_CALCULABLE,0.25%,SECURITY_IDENTITY_UNRESOLVED,identity; historical_market; annual_financials; quarterly_results; cash_flow; shareholding; valuation; business_disclosures; peer_data; market_cap; latest_annual_revenue; latest_annual_pat; latest_quarterly_results; debt; promoter_holding,,False,False,False,False,False,False,False,Financial Data Pending,55,SEARCH_ONLY,Clean company name: Liotech Industries -> Source symbol: missing/pending -> Saved override: none -> Kite instrument master: no match/not supplied -> NSE/BSE verification: unresolved -> ISIN: MISSING -> Screener URL: SEARCH,DATA_PENDING,MISSING,SEARCH,55.0,Valuation Data Pending,DATA PENDING,DATA PENDING,SYMBOL REVIEW NEEDED,N/A,No order,30.0,DATA_GAP,Unverified listing; Symbol review; Financial data pending; Market cap data pending; Valuation data pending; Shareholding data pending,Symbol Review Needed,watch,https://www.screener.in/search/?q=Liotech+Industries,,https://www.ipoguru.in/sme-ipo-performance,2026-09-05T17:15:24
120,Aritas Vinyl,Aritas Vinyl,Aritas Vinyl,Aritas Vinyl,,,,SME,SME,₹47.00,47.0,OK,13.01,47.0,OK,13.01,OK,0.0,-72.32,,,,-33.99,₹47.00,,,N/A,Manufacturing capex,85.0,,,DATA UNAVAILABLE,0.0,"Quarterly score unavailable: revenue, EBITDA, and PAT growth are missing.",10.0,INSUFFICIENT_DATA,7.5,DATA_INSUFFICIENT,NOT_RUN,DATA_INSUFFICIENT,9.25,NOT_CALCULABLE,0.25%,SECURITY_IDENTITY_UNRESOLVED,identity; historical_market; annual_financials; quarterly_results; cash_flow; shareholding; valuation; business_disclosures; peer_data; market_cap; latest_annual_revenue; latest_annual_pat; latest_quarterly_results; debt; promoter_holding,,False,False,False,False,False,False,False,Financial Data Pending,55,SEARCH_ONLY,Clean company name: Aritas Vinyl -> Source symbol: missing/pending -> Saved override: none -> Kite instrument master: no match/not supplied -> NSE/BSE verification: unresolved -> ISIN: MISSING -> Screener URL: SEARCH,DATA_PENDING,MISSING,SEARCH,55.0,Valuation Data Pending,DATA PENDING,DATA PENDING,SYMBOL REVIEW NEEDED,N/A,No order,30.0,DATA_GAP,Unverified listing; Symbol review; Financial data pending; Market cap data pending; Valuation data pending; Shareholding data pending,Symbol Review Needed,watch,https://www.screener.in/search/?q=Aritas+Vinyl,,https://www.ipoguru.in/sme-ipo-performance,2026-09-05T17:15:24
121,Kiaasa Retail,Kiaasa Retail,Kiaasa Retail,Kiaasa Retail,,,,SME,SME,₹123.00,127.0,OK,30.91,123.0,OK,30.91,OK,-3.15,-75.66,,,,-96.09,₹127.00,,,N/A,Consumer premiumization,85.0,,,DATA UNAVAILABLE,0.0,"Quarterly score unavailable: revenue, EBITDA, and PAT growth are missing.",10.0,INSUFFICIENT_DATA,7.5,DATA_INSUFFICIENT,NOT_RUN,DATA_INSUFFICIENT,9.25,NOT_CALCULABLE,0.25%,SECURITY_IDENTITY_UNRESOLVED,identity; historical_market; annual_financials; quarterly_results; cash_flow; shareholding; valuation; business_disclosures; peer_data; market_cap; latest_annual_revenue; latest_annual_pat; latest_quarterly_results; debt; promoter_holding,,False,False,False,False,False,False,False,Financial Data Pending,55,SEARCH_ONLY,Clean company name: Kiaasa Retail -> Source symbol: missing/pending -> Saved override: none -> Kite instrument master: no match/not supplied -> NSE/BSE verification: unresolved -> ISIN: MISSING -> Screener URL: SEARCH,DATA_PENDING,MISSING,SEARCH,55.0,Valuation Data Pending,DATA PENDING,DATA PENDING,SYMBOL REVIEW NEEDED,N/A,No order,30.0,DATA_GAP,Unverified listing; Symbol review; Financial data pending; Market cap data pending; Valuation data pending; Shareholding data pending,Symbol Review Needed,watch,https://www.screener.in/search/?q=Kiaasa+Retail,,https://www.ipoguru.in/sme-ipo-performance,2026-09-05T17:15:24
122,Yajur Fibres,Yajur Fibres,Yajur Fibres,Yajur Fibres,,,,SME,SME,₹139.20,174.0,OK,40.4,139.2,OK,40.4,OK,-20.0,-76.78,,,,-133.6,₹174.00,,,N/A,Manufacturing capex,85.0,,,DATA UNAVAILABLE,0.0,"Quarterly score unavailable: revenue, EBITDA, and PAT growth are missing.",10.0,INSUFFICIENT_DATA,7.5,DATA_INSUFFICIENT,NOT_RUN,DATA_INSUFFICIENT,9.25,NOT_CALCULABLE,0.25%,SECURITY_IDENTITY_UNRESOLVED,identity; historical_market; annual_financials; quarterly_results; cash_flow; shareholding; valuation; business_disclosures; peer_data; market_cap; latest_annual_revenue; latest_annual_pat; latest_quarterly_results; debt; promoter_holding,,False,False,False,False,False,False,False,Financial Data Pending,55,SEARCH_ONLY,Clean company name: Yajur Fibres -> Source symbol: missing/pending -> Saved override: none -> Kite instrument master: no match/not supplied -> NSE/BSE verification: unresolved -> ISIN: MISSING -> Screener URL: SEARCH,DATA_PENDING,MISSING,SEARCH,55.0,Valuation Data Pending,DATA PENDING,DATA PENDING,SYMBOL REVIEW NEEDED,N/A,No order,30.0,DATA_GAP,Unverified listing; Symbol review; Financial data pending; Market cap data pending; Valuation data pending; Shareholding data pending,Symbol Review Needed,watch,https://www.screener.in/search/?q=Yajur+Fibres,,https://www.ipoguru.in/sme-ipo-performance,2026-09-05T17:15:24
123,UHM Vacation,UHM Vacation,UHM Vacation,UHM Vacation,,,,SME,SME,₹132.80,166.0,OK,33.01,132.8,OK,33.01,OK,-20.0,-80.11,,,,-132.99,₹166.00,,,N/A,Manufacturing capex,85.0,,,DATA UNAVAILABLE,0.0,"Quarterly score unavailable: revenue, EBITDA, and PAT growth are missing.",10.0,INSUFFICIENT_DATA,7.5,DATA_INSUFFICIENT,NOT_RUN,DATA_INSUFFICIENT,9.25,NOT_CALCULABLE,0.25%,SECURITY_IDENTITY_UNRESOLVED,identity; historical_market; annual_financials; quarterly_results; cash_flow; shareholding; valuation; business_disclosures; peer_data; market_cap; latest_annual_revenue; latest_annual_pat; latest_quarterly_results; debt; promoter_holding,,False,False,False,False,False,False,False,Financial Data Pending,55,SEARCH_ONLY,Clean company name: UHM Vacation -> Source symbol: missing/pending -> Saved override: none -> Kite instrument master: no match/not supplied -> NSE/BSE verification: unresolved -> ISIN: MISSING -> Screener URL: SEARCH,DATA_PENDING,MISSING,SEARCH,55.0,Valuation Data Pending,DATA PENDING,DATA PENDING,SYMBOL REVIEW NEEDED,N/A,No order,30.0,DATA_GAP,Unverified listing; Symbol review; Financial data pending; Market cap data pending; Valuation data pending; Shareholding data pending,Symbol Review Needed,watch,https://www.screener.in/search/?q=UHM+Vacation,,https://www.ipoguru.in/sme-ipo-performance,2026-09-05T17:15:24
124,Shayona Engineering,Shayona Engineering,Shayona Engineering,Shayona Engineering,,,,SME,SME,₹144.00,144.0,OK,144.0,144.0,OK,144.0,OK,0.0,0.0,,,,0.0,₹144.00,,,N/A,Manufacturing capex,85.0,,,DATA UNAVAILABLE,0.0,"Quarterly score unavailable: revenue, EBITDA, and PAT growth are missing.",10.0,INSUFFICIENT_DATA,7.5,DATA_INSUFFICIENT,NOT_RUN,DATA_INSUFFICIENT,9.25,NOT_CALCULABLE,0.25%,SECURITY_IDENTITY_UNRESOLVED,identity; historical_market; annual_financials; quarterly_results; cash_flow; shareholding; valuation; business_disclosures; peer_data; market_cap; latest_annual_revenue; latest_annual_pat; latest_quarterly_results; debt; promoter_holding,,False,False,False,False,False,False,False,Financial Data Pending,55,SEARCH_ONLY,Clean company name: Shayona Engineering -> Source symbol: missing/pending -> Saved override: none -> Kite instrument master: no match/not supplied -> NSE/BSE verification: unresolved -> ISIN: MISSING -> Screener URL: SEARCH,DATA_PENDING,MISSING,SEARCH,55.0,Valuation Data Pending,DATA PENDING,DATA PENDING,SYMBOL REVIEW NEEDED,N/A,No order,30.0,DATA_GAP,Unverified listing; Symbol review; Financial data pending; Market cap data pending; Valuation data pending; Shareholding data pending,Symbol Review Needed,watch,https://www.screener.in/search/?q=Shayona+Engineering,,https://www.ipoguru.in/sme-ipo-performance,2026-09-05T17:15:24
